module-id,module-number,module-name
122437,1.1,Vector-Valued Functions
122439,1.2,Curvature
122454,1.3,Vector Fields
122455,1.4,Divergence and Curl
122440,2.1,Introduction to Multivariable Functions
122434,2.2,Quadric Surfaces and Cylinders
122441,2.3,Partial Derivatives
122443,2.4,The Gradient Vector
122444,2.5,The Multivariable Chain Rule
122451,2.6,Plane Transformations
122470,2.7,Differentiation
122445,2.8,Optimization
122446,3.1,Riemann Sums
122447,3.2,Double Integrals
122450,3.3,Triple Integrals
122452,3.4,Change of Variables for Double Integrals
122453,3.5,Change of Variables for Triple Integrals
122456,4.1,Line Integrals of Scalar Functions
122457,4.2,Line Integrals of Scalar Functions Over Parametric Curves
122458,4.3,Line Integrals With Respect to X and Y
122459,4.4,Line Integrals of Vector-Valued Functions
122460,4.5,Circulation and Flux
122461,4.6,Green's Theorem
122463,5.1,Parametric Surfaces
122464,5.2,Surface Area
122465,5.3,Surface Integrals
122469,6.1,Vector Mechanics
122449,6.2,Applications of Multiple Integrals
122474,6.3,Random Variables
