topic-id,topic-name,fill,hex
543,Adding Fractions and Whole Numbers Using Models,Blue 6 — darkest,#176BB5
539,Adding Fractions and Whole Numbers,Blue 6 — darkest,#176BB5
544,Subtracting Fractions and Whole Numbers Using Models,Blue 6 — darkest,#176BB5
545,Subtracting Fractions and Whole Numbers,Blue 6 — darkest,#176BB5
2440,Least Common Multiples,Blue 6 — darkest,#176BB5
2365,Least Common Denominators,Blue 6 — darkest,#176BB5
2376,Comparing Fraction Models Using Common Denominators,Blue 6 — darkest,#176BB5
4204,Comparing Fractions Using Common Denominators,Blue 6 — darkest,#176BB5
2374,Adding Fractions With Unlike Denominators Using Models,Blue 6 — darkest,#176BB5
2372,Subtracting Fractions With Unlike Denominators Using Models,Blue 6 — darkest,#176BB5
2353,Adding Fractions With Unlike Denominators,Blue 6 — darkest,#176BB5
2357,Subtracting Fractions With Unlike Denominators,Blue 6 — darkest,#176BB5
2354,Adding Mixed Numbers With Unlike Denominators,Blue 6 — darkest,#176BB5
2356,Subtracting Mixed Numbers With Unlike Denominators,Blue 6 — darkest,#176BB5
525,Subtracting Mixed Numbers With Unlike Denominators Using Improper Fractions,Blue 6 — darkest,#176BB5
564,Multiplying Unit Fractions by Whole Numbers Using Models,Blue 6 — darkest,#176BB5
3968,Multiplying Fractions by Whole Numbers Using Models,Blue 6 — darkest,#176BB5
2360,Multiplying Fractions by Whole Numbers,Blue 6 — darkest,#176BB5
566,Multiplying Fractions by Whole Numbers: Word Problems,Blue 6 — darkest,#176BB5
2458,Strategies to Simplify Whole Number and Fraction Multiplication,Blue 6 — darkest,#176BB5
2379,Multiplying Mixed Numbers by Whole Numbers,Blue 6 — darkest,#176BB5
565,Multiplying Fractions by Unit Fractions Using Models,Blue 6 — darkest,#176BB5
3079,Multiplying Fractions Using Models,Blue 6 — darkest,#176BB5
2378,Multiplying Fractions,Blue 6 — darkest,#176BB5
567,Multiplying Fractions: Word Problems,Blue 6 — darkest,#176BB5
2459,Multiplying Fractions by Swapping Denominators,Blue 6 — darkest,#176BB5
2380,Multiplying Mixed Numbers by Fractions,Blue 6 — darkest,#176BB5
2381,Multiplying Mixed Numbers,Blue 6 — darkest,#176BB5
3762,Multiplying Mixed Numbers: Word Problems,Blue 6 — darkest,#176BB5
529,Dividing Whole Numbers by Unit Fractions Using Models,Blue 6 — darkest,#176BB5
533,Dividing Whole Numbers by Unit Fractions,Blue 6 — darkest,#176BB5
528,Dividing Unit Fractions by Whole Numbers Using Models,Blue 6 — darkest,#176BB5
530,Dividing Unit Fractions by Whole Numbers,Blue 6 — darkest,#176BB5
2388,Reciprocals,Blue 6 — darkest,#176BB5
2437,Dividing Whole Numbers by Fractions Using Models: Whole Number Results,Blue 6 — darkest,#176BB5
4698,Dividing Whole Numbers by Fractions Using Models: Fractional Results,Blue 6 — darkest,#176BB5
2377,Dividing Whole Numbers by Fractions,Blue 6 — darkest,#176BB5
2436,Dividing Fractions by Whole Numbers Using Models,Blue 6 — darkest,#176BB5
2369,Dividing Fractions by Whole Numbers,Blue 6 — darkest,#176BB5
2438,Dividing Fractions Using Models,Blue 6 — darkest,#176BB5
2382,Dividing Fractions,Blue 6 — darkest,#176BB5
534,Introduction to Ratios,Blue 6 — darkest,#176BB5
553,Equivalent Ratios,Blue 6 — darkest,#176BB5
552,Writing Ratios Using Fractions,Blue 6 — darkest,#176BB5
563,Reasoning With Equivalent Ratios,Blue 3 — medium-light,#78B6ED
3746,Further Reasoning With Equivalent Ratios,White,#FFFFFF
554,Ratio Tables,Blue 6 — darkest,#176BB5
561,Graphing Ratios,Blue 6 — darkest,#176BB5
557,Unit Rates,Blue 6 — darkest,#176BB5
558,Solving Problems Using Unit Rates,Blue 3 — medium-light,#78B6ED
3593,Speed as a Unit Rate,White,#FFFFFF
2553,Understanding Proportional Relationships Using Tables,White,#FFFFFF
2552,Understanding Proportional Relationships Using Graphs,White,#FFFFFF
2554,Understanding Proportional Relationships From Descriptions,White,#FFFFFF
2274,Modeling with Direct Variation,White,#FFFFFF
2273,Inverse Variation,White,#FFFFFF
3664,Modeling With Inverse Variation,White,#FFFFFF
236,Units of Length,Blue 6 — darkest,#176BB5
4196,Units of Mass,Blue 6 — darkest,#176BB5
4197,Units of Time,Blue 6 — darkest,#176BB5
4198,Units of Volume,Blue 6 — darkest,#176BB5
2403,Understanding Volume Using Unit Cubes,Blue 6 — darkest,#176BB5
3872,Units of Area and Volume,Blue 6 — darkest,#176BB5
3868,Unit Conversions Using Base Units of Mass,White,#FFFFFF
3871,Two-Step Unit Conversions,White,#FFFFFF
3869,Unit Conversions Using Base Units of Length,White,#FFFFFF
3870,Unit Conversions Using Units of Time,White,#FFFFFF
2229,Converting Units of Area to Smaller Units,White,#FFFFFF
3990,Converting Units of Area to Larger Units,White,#FFFFFF
2233,Converting Between Mixed Units,White,#FFFFFF
2230,Determining Units in Formulas,Blue 6 — darkest,#176BB5
2231,Selecting Units for Rates of Change,Blue 6 — darkest,#176BB5
2234,Degrees of Accuracy,Blue 6 — darkest,#176BB5
562,Understanding Percentages Using Models,Blue 6 — darkest,#176BB5
2451,Converting Between Percentages and Fractions,Blue 6 — darkest,#176BB5
2452,Converting Between Percentages and Decimals,Blue 6 — darkest,#176BB5
2457,"Comparing Fractions, Percents, and Decimals",Blue 6 — darkest,#176BB5
2453,Finding Part of a Number Given a Whole and a Percentage,Blue 6 — darkest,#176BB5
2454,Finding Part of a Number Given a Whole and a Percentage: Word Problems,Blue 6 — darkest,#176BB5
2455,Finding a Percentage Given Two Numbers,White,#FFFFFF
3754,Finding a Percentage Given Two Numbers: Word Problems,White,#FFFFFF
2456,Finding a Total Given a Part and a Percentage,White,#FFFFFF
6642,Applying Percentages in Succession,White,#FFFFFF
2560,Applying Percentage Increases,White,#FFFFFF
6643,Applying Percentage Decreases,White,#FFFFFF
6666,Calculating Percentage Change,White,#FFFFFF
6646,Finding Original Values From Percentage Increases,White,#FFFFFF
6663,Finding Original Values From Percentage Decreases,White,#FFFFFF
327,Subtracting a Positive Number From a Smaller Positive Number,Blue 6 — darkest,#176BB5
3720,Subtracting a Positive Number From a Negative Number,Blue 6 — darkest,#176BB5
3679,Subtracting a Positive Fraction From a Smaller Fraction,Blue 6 — darkest,#176BB5
3680,Subtracting a Positive Decimal From a Smaller Decimal,Blue 6 — darkest,#176BB5
329,Adding a Positive Number to a Negative Number,Blue 6 — darkest,#176BB5
328,Adding a Negative Number,Blue 6 — darkest,#176BB5
297,Subtracting a Negative Number,Blue 6 — darkest,#176BB5
524,Additive Inverses of Numbers,Blue 6 — darkest,#176BB5
7005,Interpreting Additive Opposites and Addition Using Absolute Value,Blue 6 — darkest,#176BB5
1131,Solving Problems Using Addition and Subtraction of Rational Numbers,Blue 6 — darkest,#176BB5
2281,Absolute Value,Blue 6 — darkest,#176BB5
298,Multiplying Positive Numbers With Negative Numbers,Blue 6 — darkest,#176BB5
3718,Multiplying Negative Numbers,Blue 6 — darkest,#176BB5
330,Dividing With Negative Numbers,Blue 6 — darkest,#176BB5
4136,Equivalent Fractions With Negative Numbers,Blue 6 — darkest,#176BB5
3719,Dividing With Negative Decimals and Fractions,Blue 6 — darkest,#176BB5
2202,Reciprocals of Rational Numbers,Blue 6 — darkest,#176BB5
299,Multiplying and Dividing With Zero,Blue 6 — darkest,#176BB5
323,Fractions of Fractions,Blue 6 — darkest,#176BB5
1024,Solving Problems Using Multiplication and Division of Rational Numbers,Blue 6 — darkest,#176BB5
7007,Solving Problems Using the Four Operations on Rational Numbers,Blue 6 — darkest,#176BB5
2805,"Divisibility of Integers by 2, 5, 10, 4, and 8",Blue 6 — darkest,#176BB5
3543,"Divisibility of Integers by 3, 9, 6, and 7",Blue 6 — darkest,#176BB5
840,Prime and Composite Numbers,Blue 6 — darkest,#176BB5
829,Prime Factors,Blue 6 — darkest,#176BB5
4250,The Fundamental Theorem of Arithmetic,Blue 6 — darkest,#176BB5
811,Finding Greatest Common Factors Using Prime Factorization,Blue 6 — darkest,#176BB5
755,Finding Lowest Common Multiples Using Prime Factorization,Blue 3 — medium-light,#78B6ED
2558,"Natural Numbers, Integers, and Rational Numbers",Blue 6 — darkest,#176BB5
7011,Rational Numbers as Finite or Repeating Decimals,Blue 6 — darkest,#176BB5
2564,Writing Repeating Decimals as Fractions,White,#FFFFFF
2314,Introduction to Exponents,Blue 6 — darkest,#176BB5
2321,Evaluating Exponents,Blue 6 — darkest,#176BB5
3537,Evaluating Larger Exponents,Blue 6 — darkest,#176BB5
2476,Evaluating Exponents With Fractional Bases,Blue 6 — darkest,#176BB5
2477,Evaluating Exponents With Decimal Bases,Blue 6 — darkest,#176BB5
2475,Evaluating Whole Number Expressions Containing Exponents,Blue 6 — darkest,#176BB5
2174,Squaring Rational Numbers,Blue 6 — darkest,#176BB5
2195,Cubing Rational Numbers,Blue 6 — darkest,#176BB5
125,Exponents With Rational Bases,Blue 6 — darkest,#176BB5
322,The Zeroth Power,Blue 6 — darkest,#176BB5
652,Powers of Negative One,Blue 6 — darkest,#176BB5
3561,Negative Exponents,Blue 6 — darkest,#176BB5
267,The Product Rule for Exponents,Blue 6 — darkest,#176BB5
1223,The Quotient Rule for Exponents,Blue 6 — darkest,#176BB5
1224,The Power Rule for Exponents,Blue 6 — darkest,#176BB5
2012,The Power of Product Rule for Exponents,Blue 6 — darkest,#176BB5
1289,The Power of Quotient Rule for Exponents,Blue 3 — medium-light,#78B6ED
1457,Combining the Rules of Exponents,Blue 2 — light,#A5CFF3
2561,Evaluating Rational Number Expressions Without Exponents,Blue 6 — darkest,#176BB5
121,Evaluating Expressions With Positive Integer Exponents,Blue 6 — darkest,#176BB5
1987,Evaluating Expressions With Integer Exponents,Blue 6 — darkest,#176BB5
1822,The Square Root of a Perfect Square,Blue 6 — darkest,#176BB5
3552,Squaring a Square Root,Blue 6 — darkest,#176BB5
1819,The Cube Root of a Perfect Cube,Blue 6 — darkest,#176BB5
2204,Surds,Blue 6 — darkest,#176BB5
3709,Simplifying Expressions With Surds,Blue 6 — darkest,#176BB5
589,Evaluating Numerical Expressions Containing Radicals,Blue 6 — darkest,#176BB5
484,Adding and Subtracting Radicals,Blue 6 — darkest,#176BB5
1318,Rationalizing Denominators,Blue 6 — darkest,#176BB5
2607,Radicals as Fractional Exponents,Blue 6 — darkest,#176BB5
1927,The Product Rule for Radicals,Blue 6 — darkest,#176BB5
2240,The Quotient Rule for Radicals,Blue 6 — darkest,#176BB5
63,Introduction to Algebraic Expressions,Blue 6 — darkest,#176BB5
3721,Constructing Algebraic Expressions,Blue 6 — darkest,#176BB5
64,Evaluating Linear Expressions,Blue 6 — darkest,#176BB5
2183,Evaluating Rational Expressions,Blue 6 — darkest,#176BB5
643,Identifying Terms in Linear Expressions,Blue 6 — darkest,#176BB5
645,Identifying Coefficients and Constants,Blue 6 — darkest,#176BB5
85,The Greatest Common Factor of Two Linear Expressions,Blue 6 — darkest,#176BB5
644,Identifying Like Terms in Linear Expressions,Blue 6 — darkest,#176BB5
134,Collecting Like Terms in Linear Expressions,Blue 6 — darkest,#176BB5
135,Applying the Distributive Law With Linear Expressions,Blue 6 — darkest,#176BB5
3847,The Distributive Law With Three Terms,Blue 6 — darkest,#176BB5
137,Distributing the Negative Sign in a Linear Expression,Blue 6 — darkest,#176BB5
138,Simplifying Linear Expressions Using the Distributive Law,Blue 6 — darkest,#176BB5
3873,Simplifying Linear Expressions When a Group of Terms Is Subtracted,Blue 6 — darkest,#176BB5
2244,Simplifying Linear Expressions Containing Fractions,White,#FFFFFF
87,Factoring Linear Expressions,Blue 6 — darkest,#176BB5
1412,Solving Linear Equations by Trial and Error,Blue 6 — darkest,#176BB5
65,Solving One-Step Addition and Subtraction Equations,Blue 6 — darkest,#176BB5
40,Solving One-Step Multiplication and Division Equations,Blue 6 — darkest,#176BB5
66,Solving Two-Step Equations,Blue 6 — darkest,#176BB5
67,Solving Linear Equations With Fractional Coefficients,Blue 6 — darkest,#176BB5
2270,Solving Linear Equations With Decimal Coefficients,Blue 6 — darkest,#176BB5
343,Solving Linear Equations With Variables on Both Sides,Blue 6 — darkest,#176BB5
651,Solving Linear Equations by Clearing a Rational Expression,Blue 6 — darkest,#176BB5
1413,Solving Linear Equations Using Cross-Multiplication,Blue 6 — darkest,#176BB5
356,Solving Two-Variable Equations,Blue 6 — darkest,#176BB5
1414,Linear Equations With Infinitely Many Solutions,White,#FFFFFF
5572,Linear Equations With No Solutions,White,#FFFFFF
3747,Solving Linear Equations With Unknown Coefficients,Blue 6 — darkest,#176BB5
3752,Solving Linear Equations With Unknown Coefficients by Factoring,Blue 6 — darkest,#176BB5
354,Solving Many-Variable Equations,Blue 6 — darkest,#176BB5
2213,Interpreting Linear Expressions,Blue 6 — darkest,#176BB5
426,Modeling With Linear Equations,Blue 6 — darkest,#176BB5
178,Inequalities,Blue 6 — darkest,#176BB5
2310,Compound Inequalities,Blue 6 — darkest,#176BB5
387,Verifying Solutions of Linear Inequalities,Blue 6 — darkest,#176BB5
38,Solving One-Step Linear Inequalities,Blue 6 — darkest,#176BB5
4021,Solving Two-Step Inequalities,Blue 6 — darkest,#176BB5
4031,Representing Solutions to Inequalities on Number Lines,Blue 6 — darkest,#176BB5
4034,Further Solving Linear Inequalities,Blue 6 — darkest,#176BB5
388,Solving Compound Inequalities,White,#FFFFFF
239,Interval Notation,Blue 6 — darkest,#176BB5
4028,Unbounded Intervals,Blue 6 — darkest,#176BB5
458,Unions of Intervals,Blue 6 — darkest,#176BB5
347,Intersections of Intervals,Blue 6 — darkest,#176BB5
1576,Compound OR Inequalities,White,#FFFFFF
350,Compound AND Inequalities,White,#FFFFFF
430,Solving Equations Using the Square Root Method,Blue 6 — darkest,#176BB5
3748,Solving Equations With Odd Exponents Using the Nth Root Method,Blue 6 — darkest,#176BB5
1587,Solving Equations With Even Exponents Using the Nth Root Method,Blue 6 — darkest,#176BB5
92,The Cartesian Coordinate System,Blue 6 — darkest,#176BB5
573,Distances Between Points in the Coordinate Plane,Blue 6 — darkest,#176BB5
94,Two-Variable Linear Equations and Their Solutions,Blue 6 — darkest,#176BB5
95,Graphing Linear Equations,Blue 6 — darkest,#176BB5
97,Horizontal and Vertical Lines,Blue 6 — darkest,#176BB5
396,Calculating Slopes of Straight Lines,Blue 6 — darkest,#176BB5
1240,Equations of Lines in Slope-Intercept Form,Blue 6 — darkest,#176BB5
398,Properties of Lines Given in Slope-Intercept Form,Blue 6 — darkest,#176BB5
418,Equations of Lines in Point-Slope Form,Blue 6 — darkest,#176BB5
839,Equations of Lines in Standard Form,Blue 2 — light,#A5CFF3
3725,Properties of Lines Given in Standard Form,Blue 2 — light,#A5CFF3
837,Parallel Lines in the Coordinate Plane,White,#FFFFFF
653,Modeling With Linear Equations in Two Variables,Blue 6 — darkest,#176BB5
1588,Analyzing and Interpreting Graphs of Linear Equations,Blue 6 — darkest,#176BB5
3765,Further Modeling With Linear Equations in Two Variables,Blue 6 — darkest,#176BB5
1589,Distance-Time Graphs,White,#FFFFFF
2327,Speed-Time Graphs,White,#FFFFFF
1590,Calculating Distance From a Speed-Time Graph,White,#FFFFFF
2225,Introduction to Systems of Linear Equations,Blue 6 — darkest,#176BB5
487,Solving Systems of Equations by Substitution,Blue 6 — darkest,#176BB5
742,Introduction to the Elimination Method,Blue 5 — strong,#1D86E2
4026,Solving Systems of Linear Equations Using Elimination: One Transformation,Blue 5 — strong,#1D86E2
4236,Solving Systems of Linear Equations Using Elimination: Two Transformations,Blue 5 — strong,#1D86E2
1045,Systems of Linear Equations With Fractional Coefficients,White,#FFFFFF
1081,Systems of Linear Equations With Decimal Coefficients,White,#FFFFFF
101,Solving Systems of Nonlinear Equations Using Graphs,Blue 1 — palest,#D2E7F9
493,Systems of Equations With No Solutions and Infinitely Many Solutions,White,#FFFFFF
4638,Consistency and Dependency in Linear Systems,White,#FFFFFF
408,Calculating the Intersection of Two Lines,Blue 2 — light,#A5CFF3
380,Writing Radical Expressions Using Fractional Exponents,Blue 6 — darkest,#176BB5
376,The Square Root of a Perfect Square With Algebraic Expressions,Blue 6 — darkest,#176BB5
3729,The Square Root of a Perfect Square With Domain Restrictions,Blue 4 — medium,#4A9EE8
381,The Cube Root of a Perfect Cube With Algebraic Expressions,Blue 6 — darkest,#176BB5
389,Simplifying Square Root Expressions Using the Product Rule,Blue 4 — medium,#4A9EE8
390,Simplifying Square Root Expressions Using the Quotient Rule,Blue 4 — medium,#4A9EE8
3848,Combining Radical Expressions Using the Product Rule,Blue 4 — medium,#4A9EE8
2184,Evaluating Algebraic Radical Expressions,Blue 6 — darkest,#176BB5
3756,Adding and Subtracting Radical Expressions,Blue 1 — palest,#D2E7F9
1297,Equivalent Expressions With Fractions,Blue 6 — darkest,#176BB5
68,Simplifying Rational Expressions,Blue 6 — darkest,#176BB5
423,Simplifying Rational Expressions by Factoring,Blue 6 — darkest,#176BB5
355,Splitting Rational Expressions Into Separate Terms,Blue 3 — medium-light,#78B6ED
1415,Solving Rational Equations Containing One Fractional Term,Blue 6 — darkest,#176BB5
698,Solving Rational Equations Using Cross-Multiplication,Blue 6 — darkest,#176BB5
3555,Solving Rational Equations Containing Binomials Using Cross-Multiplication,Blue 6 — darkest,#176BB5
266,Solving Rational Equations Using the Flip Method,Blue 2 — light,#A5CFF3
470,Introduction to Functions,Blue 6 — darkest,#176BB5
631,Visual Representations of Functions,Blue 6 — darkest,#176BB5
3821,Graphs of Functions,Blue 6 — darkest,#176BB5
802,The Domain of a Function,Blue 6 — darkest,#176BB5
1888,Global Extrema of Functions,Blue 6 — darkest,#176BB5
2048,End Behavior of Functions,Blue 6 — darkest,#176BB5
754,The Range of a Function,Blue 6 — darkest,#176BB5
3728,The Range of a Function: Advanced Cases,Blue 6 — darkest,#176BB5
2022,The Roots of a Function,Blue 6 — darkest,#176BB5
1628,Increasing and Decreasing Functions,Blue 6 — darkest,#176BB5
165,Piecewise Functions,Blue 6 — darkest,#176BB5
2220,Modeling With Linear Functions,Blue 6 — darkest,#176BB5
6219,Constructing Linear Functions,Blue 6 — darkest,#176BB5
96,Absolute Value Expressions,Blue 6 — darkest,#176BB5
75,Rules of Absolute Value,Blue 6 — darkest,#176BB5
3536,Further Rules of Absolute Value,Blue 5 — strong,#1D86E2
384,Absolute Value Equations,Blue 6 — darkest,#176BB5
4029,Further Absolute Value Equations,Blue 6 — darkest,#176BB5
451,Absolute Value Inequalities,White,#FFFFFF
790,Absolute Value Graphs,Blue 3 — medium-light,#78B6ED
452,Vertical Reflections of Absolute Value Graphs,White,#FFFFFF
1244,Stretches of Absolute Value Graphs,White,#FFFFFF
3559,Combining Transformations of Absolute Value Graphs,White,#FFFFFF
1884,Domain and Range of Absolute Value Functions,White,#FFFFFF
71,The Product Rule for Exponents With Algebraic Expressions,Blue 6 — darkest,#176BB5
374,The Quotient Rule for Exponents With Algebraic Expressions,Blue 6 — darkest,#176BB5
362,The Power Rule for Exponents With Algebraic Expressions,Blue 2 — light,#A5CFF3
1331,The Power of Product Rule With Algebraic Expressions,Blue 2 — light,#A5CFF3
1428,The Power of Quotient Rule With Algebraic Expressions,Blue 2 — light,#A5CFF3
1417,Combining the Rules of Exponents With Algebraic Expressions,White,#FFFFFF
391,Solving Exponential Equations,Blue 6 — darkest,#176BB5
1499,Creating Exponential Growth Expressions,White,#FFFFFF
142,Creating Exponential Decay Expressions,White,#FFFFFF
1153,Exponential Functions,Blue 1 — palest,#D2E7F9
2471,Modeling Exponential Growth With Functions,White,#FFFFFF
2465,Interpreting Exponential Growth,White,#FFFFFF
2464,Solving Exponential Growth Problems,White,#FFFFFF
2472,Modeling Exponential Decay With Functions,White,#FFFFFF
1629,Interpreting Exponential Decay,White,#FFFFFF
2466,Solving Exponential Decay Problems,White,#FFFFFF
1530,Graphing Exponential Growth Functions,Blue 1 — palest,#D2E7F9
1531,Graphing Exponential Decay Functions,Blue 1 — palest,#D2E7F9
655,Introduction to Polynomials,Blue 6 — darkest,#176BB5
657,The Degree of a Polynomial,Blue 6 — darkest,#176BB5
1783,Simplifying Polynomials,Blue 6 — darkest,#176BB5
349,The Distributive Law for Polynomials,Blue 6 — darkest,#176BB5
81,Adding and Subtracting Polynomials,Blue 6 — darkest,#176BB5
79,"Monomials, Binomials and Trinomials",Blue 6 — darkest,#176BB5
371,Multiplying Binomials,Blue 6 — darkest,#176BB5
361,Multiplying Polynomials,Blue 6 — darkest,#176BB5
360,Squaring Binomials,Blue 6 — darkest,#176BB5
1157,Expanding Binomials Using Pascal's Triangle,White,#FFFFFF
2275,The Difference of Squares Formula,Blue 6 — darkest,#176BB5
2181,The Greatest Common Factor of Two Monomials,Blue 6 — darkest,#176BB5
353,Factoring Polynomials Using GCFs,Blue 6 — darkest,#176BB5
352,Factoring Perfect Square Trinomials,Blue 6 — darkest,#176BB5
382,Factoring Perfect Square Trinomials With Leading Coefficients,Blue 6 — darkest,#176BB5
370,Factoring Differences of Squares,Blue 6 — darkest,#176BB5
89,Factoring Trinomials,Blue 6 — darkest,#176BB5
3577,Factoring Trinomials Using Common Factors,Blue 6 — darkest,#176BB5
372,Factoring Trinomials With Leading Coefficients,Blue 6 — darkest,#176BB5
4951,Further Factoring Trinomials With Leading Coefficients,Blue 6 — darkest,#176BB5
1378,"Points, Lines, Rays, and Segments",Blue 6 — darkest,#176BB5
3979,Parallel and Perpendicular Lines,Blue 6 — darkest,#176BB5
1379,Measures of Segments,Blue 6 — darkest,#176BB5
1462,Congruent Segments,Blue 6 — darkest,#176BB5
1463,Midpoints,Blue 6 — darkest,#176BB5
1500,Collinear Points,Blue 6 — darkest,#176BB5
2278,The Segment Addition Postulate,Blue 6 — darkest,#176BB5
2172,Angles and Measures of Angles,Blue 6 — darkest,#176BB5
3980,Measuring Angles Using a Protractor,Blue 6 — darkest,#176BB5
1505,Sums of Angles,Blue 6 — darkest,#176BB5
1509,"Right, Straight, Full, and Null Angles",Blue 6 — darkest,#176BB5
1510,"Acute, Obtuse, and Reflex Angles",Blue 6 — darkest,#176BB5
3554,Congruent Angles,Blue 6 — darkest,#176BB5
1507,Vertical Angles,Blue 6 — darkest,#176BB5
1437,Solving Problems With Angles,Blue 6 — darkest,#176BB5
1639,Complementary Angles,White,#FFFFFF
6207,Non-Adjacent Complementary Angles,White,#FFFFFF
1511,Supplementary Angles,Blue 6 — darkest,#176BB5
421,Corresponding Angles,White,#FFFFFF
4019,Alternate Angles,White,#FFFFFF
4104,Consecutive Angles,White,#FFFFFF
1508,Angle Bisectors,Blue 6 — darkest,#176BB5
521,Segment Bisectors and the Perpendicular Bisector Theorem,Blue 6 — darkest,#176BB5
1404,Circles,Blue 6 — darkest,#176BB5
3565,"Arcs, Segments, and Sectors of Circles",White,#FFFFFF
460,The Circumference of a Circle,Blue 6 — darkest,#176BB5
1745,Areas of Circles,Blue 5 — strong,#1D86E2
496,Interior Angles of Triangles,Blue 6 — darkest,#176BB5
1458,Exterior Angles of Triangles,Blue 6 — darkest,#176BB5
1601,Classifying Triangles,Blue 6 — darkest,#176BB5
766,The Triangle Inequality,White,#FFFFFF
1403,The Isosceles Triangle Theorem,White,#FFFFFF
1644,Heights of Triangles,White,#FFFFFF
433,The Pythagorean Theorem,Blue 6 — darkest,#176BB5
263,Isosceles Right Triangles,Blue 6 — darkest,#176BB5
262,30-60-90 Triangles,Blue 6 — darkest,#176BB5
1317,Polygons,Blue 6 — darkest,#176BB5
1319,Interior Angles of Polygons,Blue 6 — darkest,#176BB5
1321,Exterior Angles of Polygons,Blue 6 — darkest,#176BB5
1515,Congruent Polygons,Blue 6 — darkest,#176BB5
1322,Regular Polygons,Blue 6 — darkest,#176BB5
1386,The Perimeter of a Polygon,Blue 6 — darkest,#176BB5
1459,Classifying Quadrilaterals,White,#FFFFFF
1461,Properties of Rectangles and Squares,Blue 6 — darkest,#176BB5
1352,Areas of Rectangles and Squares,Blue 6 — darkest,#176BB5
1397,Areas of Triangles,White,#FFFFFF
1353,Areas of Trapezoids,White,#FFFFFF
1468,Areas and Perimeters of Composite Shapes,White,#FFFFFF
813,Introduction to Quadratic Equations,Blue 6 — darkest,#176BB5
1423,Solving Perfect Square Quadratic Equations,Blue 6 — darkest,#176BB5
1425,Perfect Square Quadratic Equations with One or No Solutions,Blue 6 — darkest,#176BB5
1424,The Zero Product Rule for Solving Quadratic Equations,Blue 6 — darkest,#176BB5
394,Solving Quadratic Equations Using a Difference of Squares,Blue 6 — darkest,#176BB5
393,Solving Quadratic Equations with No Constant Term,Blue 6 — darkest,#176BB5
375,Solving Quadratic Equations by Factoring,Blue 6 — darkest,#176BB5
1422,Solving Quadratic Equations with Leading Coefficients by Factoring,Blue 6 — darkest,#176BB5
450,Completing the Square,White,#FFFFFF
3842,Completing the Square With Odd Linear Terms,White,#FFFFFF
3824,Completing the Square With Leading Coefficients,White,#FFFFFF
419,Solving Quadratic Equations by Completing the Square,White,#FFFFFF
3849,Solving Quadratic Equations With Leading Coefficients by Completing the Square,White,#FFFFFF
422,The Quadratic Formula,Blue 6 — darkest,#176BB5
425,The Discriminant of a Quadratic Equation,Blue 6 — darkest,#176BB5
6266,Determining Unknown Parameters in Quadratic Equations With One Real Solution,White,#FFFFFF
6092,Equating Polynomial Coefficients,White,#FFFFFF
729,Vieta's Formulas,Blue 2 — light,#A5CFF3
453,Graphing Elementary Quadratic Functions,Blue 6 — darkest,#176BB5
117,Vertical Reflections of Quadratic Functions,Blue 6 — darkest,#176BB5
84,Graphs of General Quadratic Functions,Blue 6 — darkest,#176BB5
661,Roots of Quadratic Functions,Blue 6 — darkest,#176BB5
1429,The Discriminant of a Quadratic Function,White,#FFFFFF
704,The Axis of Symmetry of a Parabola,Blue 2 — light,#A5CFF3
1451,The Average of the Roots Formula,Blue 2 — light,#A5CFF3
814,The Vertex Form of a Parabola,Blue 2 — light,#A5CFF3
3546,Writing the Equation of a Parabola in Vertex Form,White,#FFFFFF
1882,Domain and Range of Quadratic Functions,Blue 2 — light,#A5CFF3
410,Solving Systems of Nonlinear Equations,Blue 2 — light,#A5CFF3
6341,Finding Intersections of Lines and Quadratic Functions,Blue 2 — light,#A5CFF3
3830,Inverses of Quadratic Functions,White,#FFFFFF
688,Modeling Downwards Vertical Motion,White,#FFFFFF
942,Closure Properties of Polynomials,Blue 3 — medium-light,#78B6ED
2625,The Least Common Multiple of Two Monomials,Blue 3 — medium-light,#78B6ED
2626,The Least Common Multiple of Two Polynomials,White,#FFFFFF
469,Determining the Roots of Polynomials,Blue 5 — strong,#1D86E2
480,Solving Polynomial Equations Using the GCF,Blue 2 — light,#A5CFF3
727,Solving Cubic Equations by Grouping,Blue 2 — light,#A5CFF3
1653,Graphing Elementary Cubic Functions,Blue 5 — strong,#1D86E2
2050,End Behavior of Polynomials,Blue 1 — palest,#D2E7F9
2337,Further Factoring of Polynomials Using GCFs,Blue 6 — darkest,#176BB5
660,Factoring Higher-Order Polynomials as a Difference of Squares,Blue 6 — darkest,#176BB5
428,Factoring Cubic Expressions by Grouping,Blue 6 — darkest,#176BB5
441,Factoring Sums and Differences of Cubes,Blue 6 — darkest,#176BB5
2336,Factoring Biquadratic Expressions,Blue 6 — darkest,#176BB5
728,Dividing Polynomials Using Synthetic Division,Blue 5 — strong,#1D86E2
2013,Dividing Polynomials by Linear Binomials Using Long Division,Blue 2 — light,#A5CFF3
427,Dividing Polynomials Using Long Division,Blue 2 — light,#A5CFF3
2883,Dividing Polynomials by Manipulating Rational Expressions,Blue 2 — light,#A5CFF3
846,The Factor Theorem,Blue 4 — medium,#4A9EE8
3738,Determining Polynomial Coefficients Using the Factor Theorem,White,#FFFFFF
2119,Factoring Cubic Polynomials Using the Factor Theorem,Blue 4 — medium,#4A9EE8
104,Factoring Quartic Polynomials Using the Factor Theorem,White,#FFFFFF
88,Multiplicities of the Roots of Polynomials,Blue 2 — light,#A5CFF3
847,The Remainder Theorem,White,#FFFFFF
757,The Rational Roots Theorem,Blue 1 — palest,#D2E7F9
1654,Graphing Cubic Curves Containing Three Distinct Real Roots,Blue 4 — medium,#4A9EE8
1656,Graphing Cubic Curves Containing a Double Root,Blue 1 — palest,#D2E7F9
2084,Graphing Cubic Curves Containing One Distinct Real Root,Blue 1 — palest,#D2E7F9
2049,Graphing General Polynomials,White,#FFFFFF
2205,The Real Number System,Blue 6 — darkest,#176BB5
2034,Sums and Products of Rational and Irrational Numbers,Blue 3 — medium-light,#78B6ED
14,Imaginary Numbers,Blue 6 — darkest,#176BB5
464,Quadratic Equations with Purely Imaginary Solutions,Blue 6 — darkest,#176BB5
735,Complex Numbers,Blue 5 — strong,#1D86E2
31,Adding and Subtracting Complex Numbers,Blue 1 — palest,#D2E7F9
33,Multiplying Complex Numbers,Blue 1 — palest,#D2E7F9
895,Solving Quadratic Equations With Complex Roots,Blue 2 — light,#A5CFF3
32,The Cyclic Property of the Imaginary Unit,Blue 1 — palest,#D2E7F9
157,The Complex Plane,Blue 5 — strong,#1D86E2
34,The Magnitude of a Complex Number,Blue 3 — medium-light,#78B6ED
893,The Argument of a Complex Number,Blue 2 — light,#A5CFF3
140,The Arithmetic of Functions,Blue 4 — medium,#4A9EE8
1985,Function Composition,Blue 6 — darkest,#176BB5
3817,Describing Function Composition,Blue 6 — darkest,#176BB5
2707,Local Extrema of Functions,Blue 4 — medium,#4A9EE8
1886,One-To-One Functions,Blue 3 — medium-light,#78B6ED
753,Introduction to Inverse Functions,Blue 6 — darkest,#176BB5
627,Calculating the Inverse of a Function,White,#FFFFFF
756,Graphs of Inverse Functions,Blue 6 — darkest,#176BB5
3734,Domain and Range of Inverse Functions,Blue 4 — medium,#4A9EE8
1889,Invertible Functions,White,#FFFFFF
2978,Plotting X as a Function of Y,Blue 3 — medium-light,#78B6ED
2148,Periodic Functions,Blue 4 — medium,#4A9EE8
725,Even and Odd Functions,Blue 6 — darkest,#176BB5
2046,Unbounded Behavior of Functions Near a Point,Blue 5 — strong,#1D86E2
1251,Vertical Translations of Functions,Blue 6 — darkest,#176BB5
1584,Horizontal Translations of Functions,Blue 6 — darkest,#176BB5
1252,Vertical Stretches of Functions,Blue 5 — strong,#1D86E2
1586,Horizontal Stretches of Functions,Blue 5 — strong,#1D86E2
1150,Vertical Reflections of Functions,Blue 6 — darkest,#176BB5
1585,Horizontal Reflections of Functions,Blue 5 — strong,#1D86E2
1254,Combining Graph Transformations: Two Operations,Blue 5 — strong,#1D86E2
634,Combining Graph Transformations: Three or More Operations,Blue 5 — strong,#1D86E2
3845,Constructing Functions Using Transformations,White,#FFFFFF
2841,Combining Reflections With Other Graph Transformations,Blue 5 — strong,#1D86E2
141,Finding Points on Transformed Curves,White,#FFFFFF
3683,The Domain and Range of Transformed Functions,White,#FFFFFF
379,Converting From Exponential to Logarithmic Form,Blue 6 — darkest,#176BB5
457,Converting From Logarithmic to Exponential Form,Blue 6 — darkest,#176BB5
378,Evaluating Logarithms,Blue 6 — darkest,#176BB5
818,The Natural Logarithm,Blue 6 — darkest,#176BB5
726,The Common Logarithm,Blue 6 — darkest,#176BB5
1599,Simplifying Logarithmic Expressions,Blue 5 — strong,#1D86E2
1473,The Product Rule for Logarithms,Blue 2 — light,#A5CFF3
1474,The Quotient Rule for Logarithms,Blue 2 — light,#A5CFF3
1475,The Power Rule for Logarithms,Blue 4 — medium,#4A9EE8
30,Combining the Laws of Logarithms,Blue 2 — light,#A5CFF3
28,The Change of Base Formula for Logarithms,Blue 2 — light,#A5CFF3
1482,Solving Exponential Equations Using Logarithms,Blue 1 — palest,#D2E7F9
870,Solving Equations Containing the Exponential Function,Blue 1 — palest,#D2E7F9
1583,Solving Exponential Equations With Different Bases,White,#FFFFFF
3737,Solving Exponential Equations With Different Bases Using Logarithms,White,#FFFFFF
2979,Solving Exponential Equations Using the Zero-Product Property,White,#FFFFFF
226,Solving Logarithmic Equations,Blue 4 — medium,#4A9EE8
1551,Solving Logarithmic Equations Containing the Natural Logarithm,Blue 4 — medium,#4A9EE8
1594,Solving Logarithmic Equations Using the Laws of Logarithms,Blue 2 — light,#A5CFF3
3832,Solving Logarithmic Equations by Combining the Laws of Logarithms,Blue 2 — light,#A5CFF3
1643,Solving Logarithmic Equations With Logarithms on Both Sides,Blue 3 — medium-light,#78B6ED
817,Vertical Translations of Exponential Growth Functions,White,#FFFFFF
456,Vertical Translations of Exponential Decay Functions,White,#FFFFFF
1682,Vertical Reflections of Exponential Functions,White,#FFFFFF
6351,Combining Graph Transformations of Exponential Functions,White,#FFFFFF
1609,Properties of Transformed Exponential Functions,White,#FFFFFF
1472,Inverses of Exponential and Logarithmic Functions,White,#FFFFFF
1532,Graphing Logarithmic Functions,Blue 6 — darkest,#176BB5
1707,Combining Graph Transformations of Logarithmic Functions,Blue 1 — palest,#D2E7F9
1610,Properties of Transformed Logarithmic Functions,Blue 6 — darkest,#176BB5
1676,Simplifying Rational Expressions Using Polynomial Factorization,Blue 6 — darkest,#176BB5
437,Adding and Subtracting Rational Expressions,Blue 2 — light,#A5CFF3
3739,Adding Rational Expressions With No Common Factors in the Denominator,Blue 1 — palest,#D2E7F9
435,Multiplying Rational Expressions,Blue 6 — darkest,#176BB5
436,Dividing Rational Expressions,Blue 6 — darkest,#176BB5
1060,Expressing Rational Functions as Sums of Partial Fractions,White,#FFFFFF
440,Rational Equations With Three Terms,White,#FFFFFF
708,Advanced Rational Equations,White,#FFFFFF
2033,Graphing Reciprocal Functions,Blue 1 — palest,#D2E7F9
3735,Graph Transformations of Reciprocal Functions,Blue 1 — palest,#D2E7F9
455,Combining Graph Transformations of Reciprocal Functions,White,#FFFFFF
2082,Domain and Range of Transformed Reciprocal Functions,White,#FFFFFF
3944,Inverses of Reciprocal Functions,Blue 2 — light,#A5CFF3
434,Finding Intersections of Lines and Reciprocal Functions,White,#FFFFFF
133,Roots of Rational Functions,Blue 1 — palest,#D2E7F9
807,Vertical Asymptotes of Rational Functions,White,#FFFFFF
808,Horizontal Asymptotes of Rational Functions,Blue 1 — palest,#D2E7F9
599,Rationalizing Denominators of Algebraic Expressions,Blue 4 — medium,#4A9EE8
86,Rationalizing Denominators With Two Terms,Blue 6 — darkest,#176BB5
6185,Further Rationalizing Denominators of Algebraic Expressions,Blue 3 — medium-light,#78B6ED
116,Solving Radical Equations,Blue 3 — medium-light,#78B6ED
3943,Inverses of Radical Functions,White,#FFFFFF
2038,Graphing the Square Root Function,Blue 5 — strong,#1D86E2
1540,Graph Transformations of Square Root Functions,Blue 2 — light,#A5CFF3
454,Graphing the Cube Root Function,Blue 2 — light,#A5CFF3
1875,Properties of Transformed Square Root Functions,Blue 2 — light,#A5CFF3
1600,The Domain of a Transformed Radical Function,Blue 2 — light,#A5CFF3
3741,The Range of a Transformed Radical Function,Blue 2 — light,#A5CFF3
3530,Roots of Transformed Radical Functions,Blue 3 — medium-light,#78B6ED
2271,Introduction to Sequences,Blue 6 — darkest,#176BB5
1226,Recursive Sequences,Blue 6 — darkest,#176BB5
73,Fibonacci Sequences,Blue 6 — darkest,#176BB5
673,Sigma Notation,Blue 5 — strong,#1D86E2
3958,Properties of Finite Series,Blue 5 — strong,#1D86E2
667,Arithmetic Sequences,Blue 6 — darkest,#176BB5
3695,Recursive Formulas for Arithmetic Sequences,Blue 6 — darkest,#176BB5
668,The Nth Term of an Arithmetic Sequence,Blue 6 — darkest,#176BB5
2214,Translating Between Explicit and Recursive Formulas for Arithmetic Sequences,Blue 6 — darkest,#176BB5
669,Finding the Common Difference of an Arithmetic Sequence,Blue 6 — darkest,#176BB5
1346,Finding the Nth Term of an Arithmetic Sequence Given Two Terms,Blue 6 — darkest,#176BB5
672,Determining Indexes of Terms in Arithmetic Sequences,Blue 6 — darkest,#176BB5
679,Introduction to Geometric Sequences,Blue 6 — darkest,#176BB5
1818,The Recursive Formula for a Geometric Sequence,Blue 6 — darkest,#176BB5
680,The Nth Term of a Geometric Sequence,Blue 6 — darkest,#176BB5
2215,Translating Between Explicit and Recursive Formulas for Geometric Sequences,Blue 6 — darkest,#176BB5
2534,Finding the Common Ratio of a Geometric Sequence Given Two Terms,Blue 6 — darkest,#176BB5
685,Determining Indexes of Terms in Geometric Sequences,Blue 6 — darkest,#176BB5
3556,Finding Equations of Parallel Lines,White,#FFFFFF
1427,Perpendicular Lines in the Coordinate Plane,White,#FFFFFF
3562,Finding Equations of Perpendicular Lines,White,#FFFFFF
485,Midpoints in the Coordinate Plane,Blue 4 — medium,#4A9EE8
459,The Distance Formula,Blue 5 — strong,#1D86E2
526,The Shortest Distance Between a Point and a Line,White,#FFFFFF
512,The Distance Formula in Three Dimensions,Blue 2 — light,#A5CFF3
1516,Translations of Geometric Figures,Blue 6 — darkest,#176BB5
1517,Rotations of Geometric Figures,Blue 6 — darkest,#176BB5
3823,Rotating Objects in the Coordinate Plane Using Functions,Blue 6 — darkest,#176BB5
1518,Reflections of Geometric Figures in the Cartesian Plane,Blue 6 — darkest,#176BB5
3535,Reflections of Figures Across Arbitrary Lines,Blue 6 — darkest,#176BB5
2216,Dilations of Geometric Figures,Blue 6 — darkest,#176BB5
577,Dilations of Figures in the Coordinate Plane,Blue 6 — darkest,#176BB5
2217,Stretches of Geometric Figures,Blue 6 — darkest,#176BB5
1363,Combining Stretches of Geometric Figures,Blue 6 — darkest,#176BB5
483,Combining Geometric Transformations,Blue 6 — darkest,#176BB5
2218,Rigid Motions and Congruence,Blue 6 — darkest,#176BB5
490,Similarity and Similar Polygons,Blue 3 — medium-light,#78B6ED
491,Similarity Transformations,Blue 3 — medium-light,#78B6ED
2226,Reflective Symmetry,Blue 6 — darkest,#176BB5
2227,Rotational Symmetry,Blue 6 — darkest,#176BB5
2467,Identifying Three-Dimensional Shapes,Blue 6 — darkest,#176BB5
2484,"Faces, Vertices, and Edges of Polyhedrons",Blue 3 — medium-light,#78B6ED
2468,Nets of Polyhedrons,Blue 3 — medium-light,#78B6ED
2469,Finding Surface Areas Using Nets,Blue 3 — medium-light,#78B6ED
1467,Volumes of Cubes,Blue 2 — light,#A5CFF3
1753,Volumes of Rectangular Solids,Blue 2 — light,#A5CFF3
681,Surface Areas of Cubes,Blue 2 — light,#A5CFF3
1146,Volumes of Spheres,Blue 2 — light,#A5CFF3
1765,Surface Areas of Spheres,Blue 2 — light,#A5CFF3
1144,Volumes of Cylinders,Blue 3 — medium-light,#78B6ED
1762,Surface Areas of Cylinders,Blue 2 — light,#A5CFF3
2849,Euler's Formula for Polyhedra,Blue 2 — light,#A5CFF3
1826,The Five Platonic Solids,Blue 2 — light,#A5CFF3
1597,Angles and Sides in Right Triangles,Blue 6 — darkest,#176BB5
609,The Trigonometric Ratios,Blue 6 — darkest,#176BB5
633,Calculating Trigonometric Ratios Using the Pythagorean Theorem,Blue 6 — darkest,#176BB5
629,Calculating Side Lengths of Right Triangles Using Trigonometry,Blue 6 — darkest,#176BB5
610,Calculating Angles in Right Triangles Using Trigonometry,Blue 6 — darkest,#176BB5
611,The Reciprocal Trigonometric Ratios,Blue 6 — darkest,#176BB5
510,Trigonometric Functions of Complementary Angles,White,#FFFFFF
765,Special Trigonometric Ratios,Blue 6 — darkest,#176BB5
1608,Calculating Areas of Right Triangles Using Trigonometry,White,#FFFFFF
764,Introduction to Radians,Blue 6 — darkest,#176BB5
516,Trigonometric Ratios With Radians,Blue 6 — darkest,#176BB5
168,The Law of Sines,White,#FFFFFF
169,The Law of Cosines,Blue 6 — darkest,#176BB5
1275,The Area of a General Triangle,White,#FFFFFF
1848,Angles in the Coordinate Plane,Blue 6 — darkest,#176BB5
167,Negative Angles in the Coordinate Plane,Blue 4 — medium,#4A9EE8
261,Coterminal Angles,Blue 4 — medium,#4A9EE8
1456,Calculating Reference Angles,Blue 6 — darkest,#176BB5
112,Properties of the Unit Circle in the First Quadrant,Blue 6 — darkest,#176BB5
204,Extending the Trigonometric Ratios Using the Unit Circle,Blue 6 — darkest,#176BB5
4037,Extending the Trigonometric Ratios Using Angles in Radians,Blue 6 — darkest,#176BB5
166,Extending the Trigonometric Ratios to Negative Angles,Blue 4 — medium,#4A9EE8
3829,Extending the Trigonometric Ratios to Large Angles,Blue 4 — medium,#4A9EE8
1453,Using the Pythagorean Identity in the First Quadrant,White,#FFFFFF
2021,Extending the Pythagorean Identity to All Quadrants,White,#FFFFFF
269,Finding Trigonometric Ratios of Quadrantal Angles,Blue 6 — darkest,#176BB5
3568,Trigonometric Ratios of Quadrantal Angles Outside the Standard Range,Blue 4 — medium,#4A9EE8
268,Finding Trigonometric Ratios of Special Angles Using the Unit Circle,Blue 6 — darkest,#176BB5
3766,Evaluating Trigonometric Expressions,Blue 5 — strong,#1D86E2
1844,Further Extensions of the Special Trigonometric Ratios,Blue 4 — medium,#4A9EE8
1491,Graphing Sine and Cosine,Blue 4 — medium,#4A9EE8
1493,Graphing Tangent and Cotangent,Blue 4 — medium,#4A9EE8
1573,Graphing Secant and Cosecant,Blue 1 — palest,#D2E7F9
3540,Describing Properties of the Sine Function,Blue 3 — medium-light,#78B6ED
3557,Describing Properties of the Cosine Function,White,#FFFFFF
3558,Describing Properties of the Tangent Function,White,#FFFFFF
3563,Describing Properties of the Secant Function,White,#FFFFFF
3567,Describing Properties of the Cosecant Function,White,#FFFFFF
3566,Describing Properties of the Cotangent Function,White,#FFFFFF
206,Vertical Translations of Trigonometric Functions,Blue 4 — medium,#4A9EE8
1661,Vertical Stretches of Trigonometric Functions,Blue 4 — medium,#4A9EE8
1659,Horizontal Translations of Trigonometric Functions,Blue 4 — medium,#4A9EE8
784,Horizontal Stretches of Trigonometric Functions,Blue 4 — medium,#4A9EE8
275,Combining Graph Transformations of Sine and Cosine,Blue 4 — medium,#4A9EE8
654,Graph Transformations of Tangent and Cotangent,Blue 1 — palest,#D2E7F9
3850,Combining Graph Transformations of Tangent and Cotangent,White,#FFFFFF
776,Combining Graph Transformations of Secant and Cosecant,Blue 1 — palest,#D2E7F9
259,Graphing Reflections of Trigonometric Functions,White,#FFFFFF
2062,Properties of Transformed Sine and Cosine Functions,White,#FFFFFF
5088,Finding Zeros and Extrema of Transformed Sine and Cosine Functions,White,#FFFFFF
2064,Properties of Transformed Tangent and Cotangent Functions,White,#FFFFFF
778,Properties of Transformed Secant and Cosecant Functions,White,#FFFFFF
1107,Introduction to Vectors,Blue 6 — darkest,#176BB5
1100,The Triangle Law for the Addition of Two Vectors,Blue 6 — darkest,#176BB5
1101,The Magnitude of a Vector,Blue 6 — darkest,#176BB5
1102,Problem Solving Using Vector Diagrams,Blue 3 — medium-light,#78B6ED
1103,Parallel Vectors,Blue 6 — darkest,#176BB5
1104,Unit Vectors,Blue 6 — darkest,#176BB5
1105,Linear Combinations of Vectors and Their Properties,Blue 6 — darkest,#176BB5
1106,Describing the Position Vector of a Point Using Known Vectors,White,#FFFFFF
1165,Two-Dimensional Vectors Expressed in Component Form,Blue 6 — darkest,#176BB5
244,Addition and Scalar Multiplication of Cartesian Vectors in 2D,Blue 3 — medium-light,#78B6ED
176,Calculating the Magnitude of Cartesian Vectors in 2D,Blue 2 — light,#A5CFF3
461,The Finite Limit of a Function,Blue 6 — darkest,#176BB5
472,The Left and Right-Sided Limits of a Function,Blue 6 — darkest,#176BB5
625,Finding the Existence of a Limit Using One-Sided Limits,Blue 6 — darkest,#176BB5
1873,Limits at Infinity from Graphs,Blue 1 — palest,#D2E7F9
1814,Infinite Limits from Graphs,Blue 1 — palest,#D2E7F9
1716,"Limits of Power Functions, and the Constant Rule for Limits",Blue 6 — darkest,#176BB5
1914,The Sum Rule for Limits,Blue 6 — darkest,#176BB5
1246,The Product and Quotient Rules for Limits,Blue 6 — darkest,#176BB5
37,The Power and Root Rules for Limits,Blue 4 — medium,#4A9EE8
1263,Limits at Infinity of Polynomials,Blue 1 — palest,#D2E7F9
1905,Limits of Reciprocal Functions,Blue 1 — palest,#D2E7F9
1717,Limits of Exponential Functions,White,#FFFFFF
1377,Limits of Logarithmic Functions,Blue 1 — palest,#D2E7F9
1986,Limits of Radical Functions,Blue 1 — palest,#D2E7F9
1719,Limits of Trigonometric Functions,Blue 1 — palest,#D2E7F9
1958,Limits of Reciprocal Trigonometric Functions,Blue 1 — palest,#D2E7F9
1262,Limits of Piecewise Functions,White,#FFFFFF
1813,Calculating Limits of Rational Functions by Factoring,Blue 6 — darkest,#176BB5
462,Determining Continuity from Graphs,White,#FFFFFF
314,Defining Continuity at a Point,White,#FFFFFF
474,Left and Right Continuity,White,#FFFFFF
612,Continuity Over an Interval,White,#FFFFFF
336,The Average Rate of Change of a Function,Blue 6 — darkest,#176BB5
1208,The Average Rate of Change of a Function over a Varying Interval,Blue 6 — darkest,#176BB5
337,The Instantaneous Rate of Change of a Function at a Point,Blue 6 — darkest,#176BB5
812,Defining the Derivative Using Derivative Notation,Blue 4 — medium,#4A9EE8
35,The Power Rule for Differentiation,Blue 3 — medium-light,#78B6ED
278,The Sum and Constant Multiple Rules for Differentiation,White,#FFFFFF
332,Calculating the Slope of a Tangent Line Using Differentiation,White,#FFFFFF
986,Calculating the Equation of a Tangent Line Using Differentiation,White,#FFFFFF
987,Calculating the Equation of a Normal Line Using Differentiation,White,#FFFFFF
296,Interpreting the Meaning of the Derivative in Context,White,#FFFFFF
1114,Differentiating Exponential Functions,White,#FFFFFF
1116,Differentiating Logarithmic Functions,White,#FFFFFF
280,Differentiating Trigonometric Functions,White,#FFFFFF
281,Second and Higher-Order Derivatives,White,#FFFFFF
1109,The Product Rule for Differentiation,White,#FFFFFF
1110,The Quotient Rule for Differentiation,White,#FFFFFF
1249,Calculating Derivatives From Data and Tables,White,#FFFFFF
1117,Calculating Derivatives From Graphs,White,#FFFFFF
1686,Differentiating Reciprocal Trigonometric Functions,White,#FFFFFF
1108,The Chain Rule for Differentiation,White,#FFFFFF
1007,The Chain Rule With Exponential Functions,White,#FFFFFF
1036,The Chain Rule With Logarithmic Functions,White,#FFFFFF
305,The Chain Rule With Trigonometric Functions,White,#FFFFFF
1115,Selecting Procedures for Calculating Derivatives,White,#FFFFFF
308,The Antiderivative,Blue 3 — medium-light,#78B6ED
43,The Constant Multiple Rule for Indefinite Integrals,Blue 1 — palest,#D2E7F9
3769,The Sum Rule for Indefinite Integrals,White,#FFFFFF
1361,Integrating the Reciprocal Function,White,#FFFFFF
312,Integrating Exponential Functions,White,#FFFFFF
285,Integrating Trigonometric Functions,White,#FFFFFF
1634,The Mean of a Data Set,White,#FFFFFF
1632,Variance and Standard Deviation,White,#FFFFFF
126,Estimating Means and Variances For Grouped Data,White,#FFFFFF
3591,Covariance,White,#FFFFFF
5204,Sums of Squares,White,#FFFFFF
711,The Z-Score,White,#FFFFFF
2585,Scatter Plots,White,#FFFFFF
2609,Trend Lines,White,#FFFFFF
3753,Making Predictions Using Trend Lines,White,#FFFFFF
734,Linear Correlation,White,#FFFFFF
1056,The Linear Correlation Coefficient,White,#FFFFFF
1057,Linear Regression,White,#FFFFFF
3595,Residuals and Residual Plots,White,#FFFFFF
736,Selecting a Regression Model,White,#FFFFFF
45,Sets,Blue 6 — darkest,#176BB5
130,Experimental Probability,Blue 6 — darkest,#176BB5
7220,Using Experimental Probability to Make Predictions,Blue 6 — darkest,#176BB5
1121,Sample Spaces and Events in Probability,Blue 6 — darkest,#176BB5
7221,The Likelihood of an Event,Blue 6 — darkest,#176BB5
709,Single Events in Probability,Blue 6 — darkest,#176BB5
7222,Using Probability to Make Predictions,Blue 6 — darkest,#176BB5
1120,The Complement of an Event,Blue 6 — darkest,#176BB5
793,Venn Diagrams in Probability,Blue 6 — darkest,#176BB5
2826,The Union of Sets,Blue 6 — darkest,#176BB5
2827,The Intersection of Sets,Blue 6 — darkest,#176BB5
131,Compound Events in Probability From Experimental Data,Blue 6 — darkest,#176BB5
794,Computing Probabilities for Compound Events Using Venn Diagrams,Blue 6 — darkest,#176BB5
4361,Computing Probabilities of Events Containing Complements Using Venn Diagrams,Blue 6 — darkest,#176BB5
161,The Rules of Sum and Product,Blue 3 — medium-light,#78B6ED
774,Factorials,White,#FFFFFF
3710,Factorials in Variable Expressions,White,#FFFFFF
775,Ordering Objects,White,#FFFFFF
703,Permutations,White,#FFFFFF
705,Combinations,White,#FFFFFF
132,Computing Probabilities Using Combinatorics,White,#FFFFFF
3404,Pascal's Triangle and the Binomial Coefficients,White,#FFFFFF
1156,Expanding a Binomial Using Binomial Coefficients,White,#FFFFFF
3764,The Special Case of the Binomial Theorem,White,#FFFFFF
1158,Approximating Values Using the Binomial Theorem,White,#FFFFFF
779,Expressing an Arithmetic Series in Sigma Notation,Blue 4 — medium,#4A9EE8
675,Finding the Sum of an Arithmetic Series,Blue 4 — medium,#4A9EE8
677,Finding the First Term of an Arithmetic Series,White,#FFFFFF
676,Calculating the Number of Terms in an Arithmetic Series,White,#FFFFFF
1016,The Sum of a Finite Geometric Series,Blue 4 — medium,#4A9EE8
692,The Sum of the First N Terms of a Geometric Series,White,#FFFFFF
1017,Writing Geometric Series in Sigma Notation,Blue 4 — medium,#4A9EE8
690,Sums of Finite Geometric Series Given in Sigma Notation,Blue 4 — medium,#4A9EE8
1088,Convergence of Geometric Sequences,Blue 3 — medium-light,#78B6ED
3838,Further Convergence of Geometric Sequences,White,#FFFFFF
981,Infinite Series and Partial Sums,Blue 4 — medium,#4A9EE8
982,Convergent and Divergent Infinite Series,Blue 3 — medium-light,#78B6ED
983,Properties of Infinite Series,Blue 3 — medium-light,#78B6ED
4052,Further Properties of Infinite Series,Blue 3 — medium-light,#78B6ED
691,Finding the Sum of an Infinite Geometric Series,Blue 2 — light,#A5CFF3
686,Writing an Infinite Geometric Series in Sigma Notation,Blue 2 — light,#A5CFF3
1020,Sums of Infinite Geometric Series Given in Sigma Notation,Blue 2 — light,#A5CFF3
684,Convergence of Geometric Series,White,#FFFFFF
1495,Solving Elementary Quadratic Inequalities,White,#FFFFFF
468,Solving Quadratic Inequalities From Graphs,White,#FFFFFF
3833,Solving Quadratic Inequalities Using the Graphical Method,White,#FFFFFF
118,Solving Quadratic Inequalities Using the Sign Table Method,White,#FFFFFF
2982,Solving Inequalities Involving Positive and Negative Factors,White,#FFFFFF
2855,Inequalities Involving Powers of Binomials,White,#FFFFFF
2147,Solving Polynomial Inequalities Using a Graphical Method,White,#FFFFFF
2162,Solving Polynomial Inequalities Using the Sign Table Method,White,#FFFFFF
3355,Solving Rational Inequalities,White,#FFFFFF
2859,Solving Inequalities Involving Exponential Functions and Polynomials,White,#FFFFFF
2856,Solving Radical Inequalities,White,#FFFFFF
2857,Solving Inequalities Involving Exponential Functions,White,#FFFFFF
2858,Solving Inequalities Involving Logarithmic Functions,White,#FFFFFF
1004,Solving Inequalities Involving Geometric Sequences,White,#FFFFFF
665,Graphing Strict Two-Variable Linear Inequalities,Blue 3 — medium-light,#78B6ED
3827,Graphing Non-Strict Two-Variable Linear Inequalities,Blue 3 — medium-light,#78B6ED
3822,Further Graphing of Two-Variable Linear Inequalities,White,#FFFFFF
1535,Systems of Linear Inequalities,White,#FFFFFF
2076,Solving Two-Variable Nonlinear Inequalities,White,#FFFFFF
3684,Further Solving of Two-Variable Nonlinear Inequalities,White,#FFFFFF
803,Graphing Curves Defined Parametrically,White,#FFFFFF
1255,Cartesian Equations of Parametric Curves,White,#FFFFFF
1257,Finding Intersections of Parametric Curves and Lines,White,#FFFFFF
798,Differentiating Parametric Curves,White,#FFFFFF
799,Calculating Tangent and Normal Lines with Parametric Equations,White,#FFFFFF
431,Second Derivatives of Parametric Equations,White,#FFFFFF
997,The Arc Length of a Parametric Curve,White,#FFFFFF
935,Introduction to Polar Coordinates,White,#FFFFFF
936,Converting from Polar Coordinates to Cartesian Coordinates,White,#FFFFFF
937,Polar Equations of Circles Centered at the Origin,White,#FFFFFF
2173,Polar Equations of Radial Lines,White,#FFFFFF
998,Differentiating Curves Given in Polar Form,White,#FFFFFF
3854,Further Differentiation of Curves Given in Polar Form,White,#FFFFFF
1000,Finding the Area of a Polar Region,White,#FFFFFF
999,The Arc Length of a Polar Curve,White,#FFFFFF
1183,Circles in the Coordinate Plane,White,#FFFFFF
842,Equations of Circles Centered at the Origin,White,#FFFFFF
843,Equations of Circles,White,#FFFFFF
666,Determining Circle Properties by Completing the Square,White,#FFFFFF
844,Calculating Circle Intercepts,White,#FFFFFF
845,Intersections of Circles with Lines,White,#FFFFFF
806,Parametric Equations of Circles,White,#FFFFFF
1125,Upward and Downward Opening Parabolas,White,#FFFFFF
1124,Left and Right Opening Parabolas,White,#FFFFFF
1128,The Vertex of a Parabola,White,#FFFFFF
3534,Calculating the Vertex of a Parabola by Completing the Square,White,#FFFFFF
1132,Calculating Intercepts of Parabolas,White,#FFFFFF
875,Parametric Equations of Parabolas,White,#FFFFFF
2837,"Parametric Equations of Parabolas Centered at (h,k)",White,#FFFFFF
853,Introduction to Ellipses,Blue 3 — medium-light,#78B6ED
848,Equations of Ellipses Centered at the Origin,White,#FFFFFF
849,Equations of Ellipses Centered at a General Point,White,#FFFFFF
852,Finding the Center and Axes of Ellipses by Completing the Square,White,#FFFFFF
850,Finding Intercepts of Ellipses,White,#FFFFFF
2746,Parametric Equations of Ellipses,White,#FFFFFF
871,Equations of Hyperbolas Centered at the Origin,White,#FFFFFF
733,Equations of Hyperbolas Centered at a General Point,White,#FFFFFF
872,Asymptotes of Hyperbolas Centered at the Origin,White,#FFFFFF
1029,Asymptotes of Hyperbolas Centered at a General Point,White,#FFFFFF
874,Finding Intercepts and Intersections of Hyperbolas,White,#FFFFFF
873,Parametric Equations of Horizontal Hyperbolas,White,#FFFFFF
2981,Parametric Equations of Vertical Hyperbolas,White,#FFFFFF
1483,Graphing the Inverse Sine Function,White,#FFFFFF
1486,Graphing the Inverse Cosine Function,White,#FFFFFF
1487,Graphing the Inverse Tangent Function,White,#FFFFFF
209,Evaluating Expressions Containing Inverse Trigonometric Functions,White,#FFFFFF
3811,Limits of Inverse Trigonometric Functions,White,#FFFFFF
913,Elementary Trigonometric Equations Containing Sine,White,#FFFFFF
914,Elementary Trigonometric Equations Containing Cosine,White,#FFFFFF
915,Elementary Trigonometric Equations Containing Tangent,White,#FFFFFF
1565,Elementary Trigonometric Equations Containing Secant,White,#FFFFFF
1566,Elementary Trigonometric Equations Containing Cosecant,White,#FFFFFF
1567,Elementary Trigonometric Equations Containing Cotangent,White,#FFFFFF
947,Solving Trigonometric Equations Using the Sin-Cos-Tan Identity,White,#FFFFFF
1258,General Solutions of Elementary Trigonometric Equations,White,#FFFFFF
1259,General Solutions of Trigonometric Equations With Transformed Functions,White,#FFFFFF
923,Trigonometric Equations Containing Transformed Tangent Functions,White,#FFFFFF
203,Simplifying Expressions Using Basic Trigonometric Identities,Blue 1 — palest,#D2E7F9
207,Simplifying Expressions Using the Pythagorean Identity,White,#FFFFFF
205,Alternate Forms of the Pythagorean Identity,White,#FFFFFF
1454,Simplifying Expressions Using the Secant-Tangent Identity,White,#FFFFFF
3857,Alternate Forms of the Secant-Tangent Identity,White,#FFFFFF
1455,Simplifying Trigonometric Expressions Using the Cotangent-Cosecant Identity,White,#FFFFFF
270,The Sum and Difference Formulas for Sine,White,#FFFFFF
274,The Sum and Difference Formulas for Cosine,White,#FFFFFF
1076,Writing Sums of Trigonometric Functions in Amplitude-Phase Form,White,#FFFFFF
271,The Double-Angle Formula for Sine,White,#FFFFFF
831,The Double-Angle Formula for Cosine,White,#FFFFFF
892,The Complex Conjugate,White,#FFFFFF
905,Special Properties of the Complex Conjugate,White,#FFFFFF
1647,The Complex Conjugate and the Roots of a Quadratic Equation,White,#FFFFFF
227,Dividing Complex Numbers,White,#FFFFFF
159,Solving Equations by Equating Real and Imaginary Parts,White,#FFFFFF
696,Extending Polynomial Identities to the Complex Numbers,White,#FFFFFF
894,The Polar Form of a Complex Number,White,#FFFFFF
925,De Moivre's Theorem,White,#FFFFFF
898,Euler's Formula,White,#FFFFFF
3400,The Roots of Unity,White,#FFFFFF
4050,Properties of Roots of Unity,White,#FFFFFF
724,The Fundamental Theorem of Algebra for Quadratic Equations,White,#FFFFFF
896,The Fundamental Theorem of Algebra with Cubic Equations,White,#FFFFFF
3653,Solving Cubic Equations With Complex Roots,White,#FFFFFF
897,The Fundamental Theorem of Algebra with Quartic Equations,White,#FFFFFF
3657,Solving Quartic Equations With Complex Roots,White,#FFFFFF
463,L'Hopital's Rule,White,#FFFFFF
1087,Limits of Sequences,Blue 1 — palest,#D2E7F9
606,Special Limits Involving Sine,Blue 1 — palest,#D2E7F9
2610,Limits Involving the Exponential Function,White,#FFFFFF
1815,Vertical Asymptotes of Rational Functions,White,#FFFFFF
1903,Limits at Infinity and Horizontal Asymptotes of Rational Functions,Blue 1 — palest,#D2E7F9
604,Calculating Limits of Radical Functions Using Conjugate Multiplication,White,#FFFFFF
607,Evaluating Limits at Infinity by Comparing Relative Magnitudes of Functions,White,#FFFFFF
1245,Determining Limits of Sequences Using Relative Magnitudes,White,#FFFFFF
2006,Continuity of Functions,White,#FFFFFF
2150,The Intermediate Value Theorem,White,#FFFFFF
57,Implicit Differentiation,White,#FFFFFF
3216,"Calculating Slopes of Circles, Ellipses, and Parabolas",White,#FFFFFF
1784,Calculating dy/dx Using dx/dy,White,#FFFFFF
1785,Differentiating Inverse Functions,White,#FFFFFF
291,Differentiating an Inverse Function at a Point,White,#FFFFFF
303,Differentiating Inverse Trigonometric Functions,White,#FFFFFF
1721,Differentiating Inverse Reciprocal Trigonometric Functions,White,#FFFFFF
342,Integration Using Inverse Trigonometric Functions,White,#FFFFFF
1691,Continuity and Differentiability of Functions,White,#FFFFFF
288,The Mean Value Theorem,White,#FFFFFF
313,Global vs. Local Extrema and Critical Points,White,#FFFFFF
3571,The Extreme Value Theorem,White,#FFFFFF
752,Using Differentiation to Calculate Critical Points,White,#FFFFFF
1359,Determining Intervals on Which a Function Is Increasing or Decreasing,White,#FFFFFF
1360,Using the First Derivative Test to Classify Local Extrema,White,#FFFFFF
364,The Candidates Test,White,#FFFFFF
363,Intervals of Concavity,White,#FFFFFF
3846,Relating Concavity to the Second Derivative,White,#FFFFFF
1046,Points of Inflection,White,#FFFFFF
339,The Second Derivative Test,White,#FFFFFF
621,Approximating Functions Using Local Linearity and Linearization,White,#FFFFFF
992,Estimating Derivatives Using a Forward Difference Quotient,White,#FFFFFF
993,Estimating Derivatives Using a Backward Difference Quotient,White,#FFFFFF
640,Estimating Derivatives Using a Central Difference Quotient,White,#FFFFFF
1177,Second-Degree Taylor Polynomials,White,#FFFFFF
3825,Analyzing Second-Degree Taylor Polynomials,White,#FFFFFF
1222,Third-Degree Taylor Polynomials,White,#FFFFFF
3771,Higher-Degree Taylor Polynomials,White,#FFFFFF
340,Maclaurin Series,White,#FFFFFF
3826,Taylor Series,White,#FFFFFF
885,Representing Functions as Power Series,White,#FFFFFF
884,Recognizing Standard Maclaurin Series,White,#FFFFFF
477,Approximating Areas With the Left Riemann Sum,Blue 1 — palest,#D2E7F9
1281,Approximating Areas With the Right Riemann Sum,Blue 1 — palest,#D2E7F9
1042,Left and Right Riemann Sums in Sigma Notation,Blue 1 — palest,#D2E7F9
945,Approximating Areas With the Trapezoidal Rule,White,#FFFFFF
1086,Defining Definite Integrals Using Left and Right Riemann Sums,Blue 1 — palest,#D2E7F9
283,The Fundamental Theorem of Calculus,White,#FFFFFF
3575,Applying the Fundamental Theorem of Calculus to Exponential and Trigonometric Functions,White,#FFFFFF
1685,The Sum and Constant Multiple Rules for Definite Integrals,White,#FFFFFF
632,Properties of Definite Integrals Involving the Limits of Integration,White,#FFFFFF
1040,The Area Bounded by a Curve and the X-Axis,White,#FFFFFF
1041,The Area Bounded by a Curve and the Y-Axis,White,#FFFFFF
2975,Evaluating Definite Integrals Using Symmetry,White,#FFFFFF
1432,Finding the Area Between a Curve and the X-Axis When They Intersect,White,#FFFFFF
1200,Calculating the Definite Integral of a Function Given Its Graph,White,#FFFFFF
626,Definite Integrals of Piecewise Functions,White,#FFFFFF
333,The Integral as an Accumulation Function,White,#FFFFFF
613,The Second Fundamental Theorem of Calculus,White,#FFFFFF
1203,The Average Value of a Function,White,#FFFFFF
395,The Area Between Curves Expressed as Functions of X,White,#FFFFFF
760,The Arc Length of a Planar Curve,White,#FFFFFF
334,Integrating Algebraic Functions Using Substitution,White,#FFFFFF
331,Integrating Linear Rational Functions Using Substitution,White,#FFFFFF
443,Integration Using Substitution,White,#FFFFFF
1159,Calculating Definite Integrals Using Substitution,White,#FFFFFF
316,Further Integration of Algebraic Functions Using Substitution,White,#FFFFFF
1112,Integrating Exponential Functions Using Linear Substitution,White,#FFFFFF
3770,Integrating Exponential Functions Using Substitution,White,#FFFFFF
478,Integrating Trigonometric Functions Using Substitution,White,#FFFFFF
1161,Integrating Logarithmic Functions Using Substitution,White,#FFFFFF
315,Integration by Substitution With Inverse Trigonometric Functions,White,#FFFFFF
282,Integration Using Basic Trigonometric Identities,White,#FFFFFF
1037,Integration Using the Pythagorean Identities,White,#FFFFFF
1038,Integration Using the Double-Angle Formulas,White,#FFFFFF
338,Integrating Functions Using Polynomial Division,White,#FFFFFF
444,Integrating Functions by Completing the Square,White,#FFFFFF
317,Introduction to Integration by Parts,White,#FFFFFF
1140,Using Integration by Parts to Calculate Integrals With Logarithms,White,#FFFFFF
416,Applying the Integration By Parts Twice,White,#FFFFFF
424,Integration by Parts in Cyclic Cases,White,#FFFFFF
1060,Expressing Rational Functions as Sums of Partial Fractions,White,#FFFFFF
1062,Expressing Rational Functions with Repeated Factors as Sums of Partial Fractions,White,#FFFFFF
1063,Expressing Rational Functions with Irreducible Quadratic Factors as Sums of Partial Fractions,White,#FFFFFF
445,Integrating Rational Functions Using Partial Fractions,White,#FFFFFF
446,Integrating Rational Functions with Repeated Factors,White,#FFFFFF
447,Integrating Rational Functions with Irreducible Quadratic Factors,White,#FFFFFF
758,Improper Integrals,White,#FFFFFF
4004,Improper Integrals Involving Exponential Functions,White,#FFFFFF
4005,Improper Integrals Involving Arctangent,White,#FFFFFF
1382,Improper Integrals Over the Real Line,White,#FFFFFF
759,Improper Integrals of the Second Kind,White,#FFFFFF
284,Calculating Velocity for Straight-Line Motion Using Differentiation,White,#FFFFFF
824,Calculating Acceleration for Straight-Line Motion Using Differentiation,White,#FFFFFF
3581,Determining Characteristics of Moving Objects Using Differentiation,White,#FFFFFF
762,Calculating Velocity Using Integration,White,#FFFFFF
3582,Determining Characteristics of Moving Objects Using Integration,White,#FFFFFF
335,Calculating the Position Function of a Particle Using Integration,White,#FFFFFF
3576,Calculating the Displacement of a Particle Using Integration,White,#FFFFFF
2036,Velocity and Acceleration for Plane Motion,White,#FFFFFF
3767,Calculating Displacement for Plane Motion,White,#FFFFFF
763,Calculating Velocity for Plane Motion Using Differentiation,White,#FFFFFF
825,Calculating Acceleration for Plane Motion Using Differentiation,White,#FFFFFF
826,Finding Velocity Vectors in Two Dimensions Using Integration,White,#FFFFFF
648,Finding Displacement Vectors in Two Dimensions Using Integration,White,#FFFFFF
620,Rates of Change in Applied Contexts,White,#FFFFFF
1044,Introduction to Related Rates,White,#FFFFFF
4059,Related Rates With Implicit Functions,White,#FFFFFF
287,Calculating Related Rates With Circles and Spheres,White,#FFFFFF
345,Calculating Related Rates Using the Pythagorean Theorem,White,#FFFFFF
1211,Solving Optimization Problems Using Derivatives,White,#FFFFFF
1216,Optimizing Distances,White,#FFFFFF
4218,Optimizing Distances to Curves,White,#FFFFFF
3215,Introduction to Differential Equations,White,#FFFFFF
1181,Verifying Solutions of Differential Equations,White,#FFFFFF
1061,Solving First-Order ODEs Using Direct Integration,White,#FFFFFF
466,Solving First-Order ODEs Using Separation of Variables,White,#FFFFFF
1179,Solving First-Order IVPs Using Separation of Variables,White,#FFFFFF
2976,Qualitative Analysis of First-Order ODEs,White,#FFFFFF
2023,Modeling With First-Order ODEs,White,#FFFFFF
602,Euler's Method: Calculating One Step,White,#FFFFFF
3668,Euler's Method: Calculating Multiple Steps,White,#FFFFFF
1166,Three-Dimensional Vectors in Component Form,Blue 3 — medium-light,#78B6ED
175,Addition and Scalar Multiplication of Cartesian Vectors in 3D,Blue 1 — palest,#D2E7F9
1277,Calculating the Magnitude of Cartesian Vectors in 3D,White,#FFFFFF
243,Calculating the Dot Product Using Angle and Magnitude,Blue 2 — light,#A5CFF3
177,Calculating the Dot Product Using Components,Blue 2 — light,#A5CFF3
1278,The Angle Between Two Vectors,White,#FFFFFF
1285,Calculating a Scalar Projection,White,#FFFFFF
1295,Calculating a Vector Projection,White,#FFFFFF
246,The Cross Product of Two Vectors,White,#FFFFFF
4858,Properties of the Cross Product,White,#FFFFFF
245,Calculating the Cross Product Using Determinants,White,#FFFFFF
1299,Finding Areas Using the Cross Product,White,#FFFFFF
1286,The Scalar Triple Product,White,#FFFFFF
1287,Volumes of Parallelepipeds,White,#FFFFFF
475,Defining Vector-Valued Functions,White,#FFFFFF
4139,Differentiating Vector-Valued Functions,White,#FFFFFF
1085,Integrating Vector-Valued Functions,White,#FFFFFF
861,Introduction to Matrices,White,#FFFFFF
1167,Index Notation for Matrices,White,#FFFFFF
29,Adding and Subtracting Matrices,White,#FFFFFF
1168,Properties of Matrix Addition,White,#FFFFFF
146,Scalar Multiplication of Matrices,White,#FFFFFF
862,"Zero, Square, Diagonal and Identity Matrices",White,#FFFFFF
232,The Transpose of a Matrix,White,#FFFFFF
1195,Multiplying a Matrix by a Column Vector,White,#FFFFFF
147,Multiplying Square Matrices,White,#FFFFFF
1198,Conformability for Matrix Multiplication,White,#FFFFFF
1196,Multiplying Matrices,White,#FFFFFF
1725,Powers of Matrices,White,#FFFFFF
1171,Multiplying a Matrix by the Identity Matrix,White,#FFFFFF
1724,Properties of Matrix Multiplication,White,#FFFFFF
1729,Representing 2x2 Systems of Equations Using a Matrix Product,White,#FFFFFF
155,Representing 3x3 Systems of Equations Using a Matrix Product,White,#FFFFFF
152,The Determinant of a 2x2 Matrix,White,#FFFFFF
1169,The Geometric Interpretation of the 2x2 Determinant,White,#FFFFFF
233,The Minors of a 3x3 Matrix,White,#FFFFFF
153,The Determinant of a 3x3 Matrix,White,#FFFFFF
863,Introduction to the Inverse of a Matrix,White,#FFFFFF
864,Inverses of 2x2 Matrices,White,#FFFFFF
154,Calculating the Inverse of a 3x3 Matrix Using the Cofactor Method,White,#FFFFFF
934,Solving 2x2 Systems of Equations Using Inverse Matrices,White,#FFFFFF
1023,Solving Systems of Equations Using Inverse Matrices,White,#FFFFFF
865,Introduction to Linear Transformations,White,#FFFFFF
1959,The Standard Matrix of a Linear Transformation,White,#FFFFFF
2706,Linear Transformations of Points and Lines in the Plane,White,#FFFFFF
866,Linear Transformations of Objects in the Plane,White,#FFFFFF
867,Dilations and Reflections as Linear Transformations,White,#FFFFFF
1358,Shear and Stretch as Linear Transformations,White,#FFFFFF
931,Right-Angle Rotations as Linear Transformations,White,#FFFFFF
932,Rotations as Linear Transformations,White,#FFFFFF
933,Combining Linear Transformations Using 2x2 Matrices,White,#FFFFFF
988,Inverting Linear Transformations,White,#FFFFFF
989,Area Scale Factors of Linear Transformations,White,#FFFFFF
1351,Singular Linear Transformations in the Plane,White,#FFFFFF
324,Conditional Probabilities From Venn Diagrams,Blue 3 — medium-light,#78B6ED
715,The Multiplication Law for Conditional Probability,Blue 3 — medium-light,#78B6ED
773,The Law of Total Probability,White,#FFFFFF
183,Independent Events,Blue 3 — medium-light,#78B6ED
740,The Addition Law of Probability,Blue 3 — medium-light,#78B6ED
4315,Applying the Addition Law With Event Complements,White,#FFFFFF
1154,Mutually Exclusive Events,White,#FFFFFF
1290,Probability Mass Functions of Discrete Random Variables,White,#FFFFFF
2024,Cumulative Distribution Functions for Discrete Random Variables,White,#FFFFFF
730,Expected Values of Discrete Random Variables,White,#FFFFFF
3281,The Binomial Distribution,White,#FFFFFF
1395,Modeling With the Binomial Distribution,White,#FFFFFF
3284,The Geometric Distribution,White,#FFFFFF
2839,Modeling With the Geometric Distribution,White,#FFFFFF
265,The Standard Normal Distribution,White,#FFFFFF
4420,Symmetry Properties of the Standard Normal Distribution,White,#FFFFFF
1843,The Normal Distribution,White,#FFFFFF
1470,Mean and Variance of the Normal Distribution,White,#FFFFFF
3214,Percentage Points of the Standard Normal Distribution,White,#FFFFFF
788,Modeling With the Normal Distribution,White,#FFFFFF
