topic-id,topic-number,topic-name
3404,1.1.1,Pascal's Triangle and the Binomial Coefficients
1156,1.1.2,Expanding a Binomial Using Binomial Coefficients
3764,1.1.3,The Special Case of the Binomial Theorem
1158,1.1.4,Approximating Values Using the Binomial Theorem
779,1.2.1,Expressing an Arithmetic Series in Sigma Notation
675,1.2.2,Finding the Sum of an Arithmetic Series
677,1.2.3,Finding the First Term of an Arithmetic Series
676,1.2.4,Calculating the Number of Terms in an Arithmetic Series
1016,1.3.1,The Sum of a Finite Geometric Series
692,1.3.2,The Sum of the First N Terms of a Geometric Series
1017,1.3.3,Writing Geometric Series in Sigma Notation
690,1.3.4,Sums of Finite Geometric Series Given in Sigma Notation
1088,1.4.1,Convergence of Geometric Sequences
3838,1.4.2,Further Convergence of Geometric Sequences
981,1.4.3,Infinite Series and Partial Sums
982,1.4.4,Convergent and Divergent Infinite Series
983,1.4.5,Properties of Infinite Series
4052,1.4.6,Further Properties of Infinite Series
691,1.4.7,Finding the Sum of an Infinite Geometric Series
686,1.4.8,Writing an Infinite Geometric Series in Sigma Notation
1020,1.4.9,Sums of Infinite Geometric Series Given in Sigma Notation
684,1.4.10,Convergence of Geometric Series
1495,2.1.1,Solving Elementary Quadratic Inequalities
468,2.1.2,Solving Quadratic Inequalities From Graphs
3833,2.1.3,Solving Quadratic Inequalities Using the Graphical Method
118,2.1.4,Solving Quadratic Inequalities Using the Sign Table Method
2982,2.1.5,Solving Inequalities Involving Positive and Negative Factors
2855,2.1.6,Inequalities Involving Powers of Binomials
2147,2.1.7,Solving Polynomial Inequalities Using a Graphical Method
2162,2.1.8,Solving Polynomial Inequalities Using the Sign Table Method
3355,2.1.9,Solving Rational Inequalities
2859,2.1.10,Solving Inequalities Involving Exponential Functions and Polynomials
2856,2.1.11,Solving Radical Inequalities
2857,2.1.12,Solving Inequalities Involving Exponential Functions
2858,2.1.13,Solving Inequalities Involving Logarithmic Functions
1004,2.1.14,Solving Inequalities Involving Geometric Sequences
665,2.2.1,Graphing Strict Two-Variable Linear Inequalities
3827,2.2.2,Graphing Non-Strict Two-Variable Linear Inequalities
3822,2.2.3,Further Graphing of Two-Variable Linear Inequalities
1535,2.2.4,Systems of Linear Inequalities
2076,2.2.5,Solving Two-Variable Nonlinear Inequalities
3684,2.2.6,Further Solving of Two-Variable Nonlinear Inequalities
803,3.1.1,Graphing Curves Defined Parametrically
1255,3.1.2,Cartesian Equations of Parametric Curves
1257,3.1.3,Finding Intersections of Parametric Curves and Lines
798,3.1.4,Differentiating Parametric Curves
799,3.1.5,Calculating Tangent and Normal Lines with Parametric Equations
431,3.1.6,Second Derivatives of Parametric Equations
997,3.1.7,The Arc Length of a Parametric Curve
935,3.2.1,Introduction to Polar Coordinates
936,3.2.2,Converting from Polar Coordinates to Cartesian Coordinates
937,3.2.3,Polar Equations of Circles Centered at the Origin
2173,3.2.4,Polar Equations of Radial Lines
998,3.2.5,Differentiating Curves Given in Polar Form
3854,3.2.6,Further Differentiation of Curves Given in Polar Form
1000,3.2.7,Finding the Area of a Polar Region
999,3.2.8,The Arc Length of a Polar Curve
1183,4.1.1,Circles in the Coordinate Plane
842,4.1.2,Equations of Circles Centered at the Origin
843,4.1.3,Equations of Circles
666,4.1.4,Determining Circle Properties by Completing the Square
844,4.1.5,Calculating Circle Intercepts
845,4.1.6,Intersections of Circles with Lines
806,4.1.7,Parametric Equations of Circles
1125,4.2.1,Upward and Downward Opening Parabolas
1124,4.2.2,Left and Right Opening Parabolas
1128,4.2.3,The Vertex of a Parabola
3534,4.2.4,Calculating the Vertex of a Parabola by Completing the Square
1132,4.2.5,Calculating Intercepts of Parabolas
875,4.2.6,Parametric Equations of Parabolas
2837,4.2.7,"Parametric Equations of Parabolas Centered at (h,k)"
853,4.3.1,Introduction to Ellipses
848,4.3.2,Equations of Ellipses Centered at the Origin
849,4.3.3,Equations of Ellipses Centered at a General Point
852,4.3.4,Finding the Center and Axes of Ellipses by Completing the Square
850,4.3.5,Finding Intercepts of Ellipses
2746,4.3.6,Parametric Equations of Ellipses
871,4.4.1,Equations of Hyperbolas Centered at the Origin
733,4.4.2,Equations of Hyperbolas Centered at a General Point
872,4.4.3,Asymptotes of Hyperbolas Centered at the Origin
1029,4.4.4,Asymptotes of Hyperbolas Centered at a General Point
874,4.4.5,Finding Intercepts and Intersections of Hyperbolas
873,4.4.6,Parametric Equations of Horizontal Hyperbolas
2981,4.4.7,Parametric Equations of Vertical Hyperbolas
1483,5.1.1,Graphing the Inverse Sine Function
1486,5.1.2,Graphing the Inverse Cosine Function
1487,5.1.3,Graphing the Inverse Tangent Function
209,5.1.4,Evaluating Expressions Containing Inverse Trigonometric Functions
3811,5.1.5,Limits of Inverse Trigonometric Functions
913,5.2.1,Elementary Trigonometric Equations Containing Sine
914,5.2.2,Elementary Trigonometric Equations Containing Cosine
915,5.2.3,Elementary Trigonometric Equations Containing Tangent
1565,5.2.4,Elementary Trigonometric Equations Containing Secant
1566,5.2.5,Elementary Trigonometric Equations Containing Cosecant
1567,5.2.6,Elementary Trigonometric Equations Containing Cotangent
947,5.2.7,Solving Trigonometric Equations Using the Sin-Cos-Tan Identity
1258,5.2.8,General Solutions of Elementary Trigonometric Equations
1259,5.2.9,General Solutions of Trigonometric Equations With Transformed Functions
923,5.2.10,Trigonometric Equations Containing Transformed Tangent Functions
203,5.3.1,Simplifying Expressions Using Basic Trigonometric Identities
207,5.3.2,Simplifying Expressions Using the Pythagorean Identity
205,5.3.3,Alternate Forms of the Pythagorean Identity
1454,5.3.4,Simplifying Expressions Using the Secant-Tangent Identity
3857,5.3.5,Alternate Forms of the Secant-Tangent Identity
1455,5.3.6,Simplifying Trigonometric Expressions Using the Cotangent-Cosecant Identity
270,5.4.1,The Sum and Difference Formulas for Sine
274,5.4.2,The Sum and Difference Formulas for Cosine
1076,5.4.3,Writing Sums of Trigonometric Functions in Amplitude-Phase Form
271,5.4.4,The Double-Angle Formula for Sine
831,5.4.5,The Double-Angle Formula for Cosine
892,6.1.1,The Complex Conjugate
905,6.1.2,Special Properties of the Complex Conjugate
1647,6.1.3,The Complex Conjugate and the Roots of a Quadratic Equation
227,6.1.4,Dividing Complex Numbers
159,6.1.5,Solving Equations by Equating Real and Imaginary Parts
696,6.1.6,Extending Polynomial Identities to the Complex Numbers
894,6.2.1,The Polar Form of a Complex Number
925,6.2.2,De Moivre's Theorem
898,6.2.3,Euler's Formula
3400,6.2.4,The Roots of Unity
4050,6.2.5,Properties of Roots of Unity
724,6.3.1,The Fundamental Theorem of Algebra for Quadratic Equations
896,6.3.2,The Fundamental Theorem of Algebra with Cubic Equations
3653,6.3.3,Solving Cubic Equations With Complex Roots
897,6.3.4,The Fundamental Theorem of Algebra with Quartic Equations
3657,6.3.5,Solving Quartic Equations With Complex Roots
463,7.1.1,L'Hopital's Rule
1087,7.1.2,Limits of Sequences
606,7.1.3,Special Limits Involving Sine
2610,7.1.4,Limits Involving the Exponential Function
1815,7.1.5,Vertical Asymptotes of Rational Functions
1903,7.1.6,Limits at Infinity and Horizontal Asymptotes of Rational Functions
604,7.1.7,Calculating Limits of Radical Functions Using Conjugate Multiplication
607,7.1.8,Evaluating Limits at Infinity by Comparing Relative Magnitudes of Functions
1245,7.1.9,Determining Limits of Sequences Using Relative Magnitudes
2006,7.2.1,Continuity of Functions
2150,7.2.2,The Intermediate Value Theorem
57,8.1.1,Implicit Differentiation
3216,8.1.2,"Calculating Slopes of Circles, Ellipses, and Parabolas"
1784,8.1.3,Calculating dy/dx Using dx/dy
1785,8.1.4,Differentiating Inverse Functions
291,8.1.5,Differentiating an Inverse Function at a Point
303,8.1.6,Differentiating Inverse Trigonometric Functions
1721,8.1.7,Differentiating Inverse Reciprocal Trigonometric Functions
342,8.1.8,Integration Using Inverse Trigonometric Functions
1691,8.2.1,Continuity and Differentiability of Functions
288,8.2.2,The Mean Value Theorem
313,8.2.3,Global vs. Local Extrema and Critical Points
3571,8.2.4,The Extreme Value Theorem
752,8.2.5,Using Differentiation to Calculate Critical Points
1359,8.2.6,Determining Intervals on Which a Function Is Increasing or Decreasing
1360,8.2.7,Using the First Derivative Test to Classify Local Extrema
364,8.2.8,The Candidates Test
363,8.2.9,Intervals of Concavity
3846,8.2.10,Relating Concavity to the Second Derivative
1046,8.2.11,Points of Inflection
339,8.2.12,The Second Derivative Test
621,8.2.13,Approximating Functions Using Local Linearity and Linearization
992,8.3.1,Estimating Derivatives Using a Forward Difference Quotient
993,8.3.2,Estimating Derivatives Using a Backward Difference Quotient
640,8.3.3,Estimating Derivatives Using a Central Difference Quotient
1177,8.4.1,Second-Degree Taylor Polynomials
3825,8.4.2,Analyzing Second-Degree Taylor Polynomials
1222,8.4.3,Third-Degree Taylor Polynomials
3771,8.4.4,Higher-Degree Taylor Polynomials
340,8.4.5,Maclaurin Series
3826,8.4.6,Taylor Series
885,8.4.7,Representing Functions as Power Series
884,8.4.8,Recognizing Standard Maclaurin Series
477,9.1.1,Approximating Areas With the Left Riemann Sum
1281,9.1.2,Approximating Areas With the Right Riemann Sum
1042,9.1.3,Left and Right Riemann Sums in Sigma Notation
945,9.1.4,Approximating Areas With the Trapezoidal Rule
1086,9.2.1,Defining Definite Integrals Using Left and Right Riemann Sums
283,9.2.2,The Fundamental Theorem of Calculus
3575,9.2.3,Applying the Fundamental Theorem of Calculus to Exponential and Trigonometric Functions
1685,9.2.4,The Sum and Constant Multiple Rules for Definite Integrals
632,9.2.5,Properties of Definite Integrals Involving the Limits of Integration
1040,9.3.1,The Area Bounded by a Curve and the X-Axis
1041,9.3.2,The Area Bounded by a Curve and the Y-Axis
2975,9.3.3,Evaluating Definite Integrals Using Symmetry
1432,9.3.4,Finding the Area Between a Curve and the X-Axis When They Intersect
1200,9.3.5,Calculating the Definite Integral of a Function Given Its Graph
626,9.3.6,Definite Integrals of Piecewise Functions
333,9.4.1,The Integral as an Accumulation Function
613,9.4.2,The Second Fundamental Theorem of Calculus
1203,9.5.1,The Average Value of a Function
395,9.5.2,The Area Between Curves Expressed as Functions of X
760,9.5.3,The Arc Length of a Planar Curve
334,10.1.1,Integrating Algebraic Functions Using Substitution
331,10.1.2,Integrating Linear Rational Functions Using Substitution
443,10.1.3,Integration Using Substitution
1159,10.1.4,Calculating Definite Integrals Using Substitution
316,10.1.5,Further Integration of Algebraic Functions Using Substitution
1112,10.1.6,Integrating Exponential Functions Using Linear Substitution
3770,10.1.7,Integrating Exponential Functions Using Substitution
478,10.1.8,Integrating Trigonometric Functions Using Substitution
1161,10.1.9,Integrating Logarithmic Functions Using Substitution
315,10.1.10,Integration by Substitution With Inverse Trigonometric Functions
282,10.2.1,Integration Using Basic Trigonometric Identities
1037,10.2.2,Integration Using the Pythagorean Identities
1038,10.2.3,Integration Using the Double-Angle Formulas
338,10.3.1,Integrating Functions Using Polynomial Division
444,10.3.2,Integrating Functions by Completing the Square
317,10.4.1,Introduction to Integration by Parts
1140,10.4.2,Using Integration by Parts to Calculate Integrals With Logarithms
416,10.4.3,Applying the Integration By Parts Twice
424,10.4.4,Integration by Parts in Cyclic Cases
1060,10.5.1,Expressing Rational Functions as Sums of Partial Fractions
1062,10.5.2,Expressing Rational Functions with Repeated Factors as Sums of Partial Fractions
1063,10.5.3,Expressing Rational Functions with Irreducible Quadratic Factors as Sums of Partial Fractions
445,10.5.4,Integrating Rational Functions Using Partial Fractions
446,10.5.5,Integrating Rational Functions with Repeated Factors
447,10.5.6,Integrating Rational Functions with Irreducible Quadratic Factors
758,10.6.1,Improper Integrals
4004,10.6.2,Improper Integrals Involving Exponential Functions
4005,10.6.3,Improper Integrals Involving Arctangent
1382,10.6.4,Improper Integrals Over the Real Line
759,10.6.5,Improper Integrals of the Second Kind
284,11.1.1,Calculating Velocity for Straight-Line Motion Using Differentiation
824,11.1.2,Calculating Acceleration for Straight-Line Motion Using Differentiation
3581,11.1.3,Determining Characteristics of Moving Objects Using Differentiation
762,11.1.4,Calculating Velocity Using Integration
3582,11.1.5,Determining Characteristics of Moving Objects Using Integration
335,11.1.6,Calculating the Position Function of a Particle Using Integration
3576,11.1.7,Calculating the Displacement of a Particle Using Integration
2036,11.2.1,Velocity and Acceleration for Plane Motion
3767,11.2.2,Calculating Displacement for Plane Motion
763,11.2.3,Calculating Velocity for Plane Motion Using Differentiation
825,11.2.4,Calculating Acceleration for Plane Motion Using Differentiation
826,11.2.5,Finding Velocity Vectors in Two Dimensions Using Integration
648,11.2.6,Finding Displacement Vectors in Two Dimensions Using Integration
620,11.3.1,Rates of Change in Applied Contexts
1044,11.3.2,Introduction to Related Rates
4059,11.3.3,Related Rates With Implicit Functions
287,11.3.4,Calculating Related Rates With Circles and Spheres
345,11.3.5,Calculating Related Rates Using the Pythagorean Theorem
1211,11.3.6,Solving Optimization Problems Using Derivatives
1216,11.3.7,Optimizing Distances
4218,11.3.8,Optimizing Distances to Curves
3215,12.1.1,Introduction to Differential Equations
1181,12.1.2,Verifying Solutions of Differential Equations
1061,12.1.3,Solving First-Order ODEs Using Direct Integration
466,12.1.4,Solving First-Order ODEs Using Separation of Variables
1179,12.1.5,Solving First-Order IVPs Using Separation of Variables
2976,12.1.6,Qualitative Analysis of First-Order ODEs
2023,12.1.7,Modeling With First-Order ODEs
602,12.2.1,Euler's Method: Calculating One Step
3668,12.2.2,Euler's Method: Calculating Multiple Steps
1166,13.1.1,Three-Dimensional Vectors in Component Form
175,13.1.2,Addition and Scalar Multiplication of Cartesian Vectors in 3D
1277,13.1.3,Calculating the Magnitude of Cartesian Vectors in 3D
243,13.2.1,Calculating the Dot Product Using Angle and Magnitude
177,13.2.2,Calculating the Dot Product Using Components
1278,13.2.3,The Angle Between Two Vectors
1285,13.2.4,Calculating a Scalar Projection
1295,13.2.5,Calculating a Vector Projection
246,13.3.1,The Cross Product of Two Vectors
4858,13.3.2,Properties of the Cross Product
245,13.3.3,Calculating the Cross Product Using Determinants
1299,13.3.4,Finding Areas Using the Cross Product
1286,13.3.5,The Scalar Triple Product
1287,13.3.6,Volumes of Parallelepipeds
475,13.4.1,Defining Vector-Valued Functions
4139,13.4.2,Differentiating Vector-Valued Functions
1085,13.4.3,Integrating Vector-Valued Functions
861,14.1.1,Introduction to Matrices
1167,14.1.2,Index Notation for Matrices
29,14.1.3,Adding and Subtracting Matrices
1168,14.1.4,Properties of Matrix Addition
146,14.1.5,Scalar Multiplication of Matrices
862,14.1.6,"Zero, Square, Diagonal and Identity Matrices"
232,14.1.7,The Transpose of a Matrix
1195,14.2.1,Multiplying a Matrix by a Column Vector
147,14.2.2,Multiplying Square Matrices
1198,14.2.3,Conformability for Matrix Multiplication
1196,14.2.4,Multiplying Matrices
1725,14.2.5,Powers of Matrices
1171,14.2.6,Multiplying a Matrix by the Identity Matrix
1724,14.2.7,Properties of Matrix Multiplication
1729,14.2.8,Representing 2x2 Systems of Equations Using a Matrix Product
155,14.2.9,Representing 3x3 Systems of Equations Using a Matrix Product
152,14.3.1,The Determinant of a 2x2 Matrix
1169,14.3.2,The Geometric Interpretation of the 2x2 Determinant
233,14.3.3,The Minors of a 3x3 Matrix
153,14.3.4,The Determinant of a 3x3 Matrix
863,14.4.1,Introduction to the Inverse of a Matrix
864,14.4.2,Inverses of 2x2 Matrices
154,14.4.3,Calculating the Inverse of a 3x3 Matrix Using the Cofactor Method
934,14.4.4,Solving 2x2 Systems of Equations Using Inverse Matrices
1023,14.4.5,Solving Systems of Equations Using Inverse Matrices
865,14.5.1,Introduction to Linear Transformations
1959,14.5.2,The Standard Matrix of a Linear Transformation
2706,14.5.3,Linear Transformations of Points and Lines in the Plane
866,14.5.4,Linear Transformations of Objects in the Plane
867,14.5.5,Dilations and Reflections as Linear Transformations
1358,14.5.6,Shear and Stretch as Linear Transformations
931,14.5.7,Right-Angle Rotations as Linear Transformations
932,14.5.8,Rotations as Linear Transformations
933,14.5.9,Combining Linear Transformations Using 2x2 Matrices
988,14.5.10,Inverting Linear Transformations
989,14.5.11,Area Scale Factors of Linear Transformations
1351,14.5.12,Singular Linear Transformations in the Plane
324,15.1.1,Conditional Probabilities From Venn Diagrams
715,15.1.2,The Multiplication Law for Conditional Probability
773,15.1.3,The Law of Total Probability
183,15.1.4,Independent Events
740,15.1.5,The Addition Law of Probability
4315,15.1.6,Applying the Addition Law With Event Complements
1154,15.1.7,Mutually Exclusive Events
1290,15.2.1,Probability Mass Functions of Discrete Random Variables
2024,15.2.2,Cumulative Distribution Functions for Discrete Random Variables
730,15.2.3,Expected Values of Discrete Random Variables
3281,15.2.4,The Binomial Distribution
1395,15.2.5,Modeling With the Binomial Distribution
3284,15.2.6,The Geometric Distribution
2839,15.2.7,Modeling With the Geometric Distribution
265,15.3.1,The Standard Normal Distribution
4420,15.3.2,Symmetry Properties of the Standard Normal Distribution
1843,15.3.3,The Normal Distribution
1470,15.3.4,Mean and Variance of the Normal Distribution
3214,15.3.5,Percentage Points of the Standard Normal Distribution
788,15.3.6,Modeling With the Normal Distribution
